version,currency,min,max,avg,median,volume,souvenir,stat_trak,weapon,skin,condition
,USD,4.06,8.61,5.35,4.87,7,True,False,Souvenir AK-47,Steel Delta,2
,USD,58.03,58.03,58.03,58.03,1,False,False,AK-47,Black Laminate,1
,USD,27.33,35.98,32.02,31.67,7,False,False,AK-47,Aquamarine Revenge,0
,USD,2485.4,2625.52,2555.46,2555.46,2,False,False,AK-47,Fire Serpent,4
,USD,9.23,9.68,9.46,9.45,2,False,False,AK-47,Predator,0
,USD,321.5,321.5,321.5,321.5,1,False,False,AWP,Oni Taiji,0
,USD,39.21,39.21,39.21,39.21,1,False,False,AK-47,Black Laminate,0
,USD,2.04,11.51,3.25,2.66,14,False,False,AK-47,Emerald Pinstripe,1
,USD,503.44,621.38,551.24,551.31,7,False,False,AK-47,Fire Serpent,0
,USD,84.9,150.87,115.58,118.97,5,False,False,AK-47,First Class,2
,USD,451.11,455.73,453.42,453.42,2,False,False,AK-47,Red Laminate,4
,USD,61.22,81.84,71.32,70.28,7,False,False,AK-47,Jaguar,0
,USD,738.82,738.82,738.82,738.82,1,False,False,AK-47,Jaguar,4
,USD,86.13,97.81,91.97,91.97,2,False,False,AK-47,Neon Revolution,1
,USD,23.21,75.74,30.71,25.58,10,False,False,AK-47,Redline,0
,USD,21.34,30.83,27.0,27.32,12,False,False,AK-47,Redline,1
,USD,232.13,254.11,243.12,243.12,2,False,False,AK-47,First Class,4
,USD,696.39,696.39,696.39,696.39,1,False,False,AK-47,Jet Set,2
,USD,25.93,33.28,29.27,28.94,4,False,False,AK-47,Orbit Mk01,1
,USD,13.16,15.74,14.76,14.96,5,False,False,AK-47,Point Disarray,0
,USD,6287.22,6962.74,6786.76,6948.53,4,False,False,AWP,Dragon Lore,2
,USD,24.36,32.49,28.42,28.42,2,False,False,AWP,Sun in Leo,0
,USD,93.46,126.43,105.31,100.67,4,False,False,AWP,Elite Build,4
,USD,23.18,24.94,23.85,23.42,3,False,False,AWP,Sun in Leo,1
,USD,11.95,13.65,12.63,12.21,5,False,False,AWP,Elite Build,1
,USD,158.68,209.13,184.51,185.7,3,False,False,AWP,Graphite,3
,USD,11.44,16.52,13.08,12.57,5,False,False,AWP,Fever Dream,0
,USD,1615.72,2317.57,1867.1,1767.57,4,False,False,AWP,Medusa,0
,USD,638.36,921.21,732.79,698.26,5,False,False,AWP,Oni Taiji,4
,USD,29.29,52.22,37.11,33.45,4,False,False,AWP,Pink DDPAT,0
,USD,3.96,4.29,4.13,4.16,3,False,False,AWP,Mortis,1
,USD,0.12,0.6000000000000001,0.23,0.16,6,False,False,AWP,Safari Mesh,1
,USD,3.02,3.42,3.23,3.23,2,False,False,AWP,Worm God,1
,USD,35.33,35.33,35.33,35.33,1,False,False,AWP,Pink DDPAT,1
,USD,444.88,444.88,444.88,444.88,1,False,False,M4A4,Daybreak,2
,USD,208.92,208.92,208.92,208.92,1,False,False,M4A4,Buzz Kill,1
,USD,17.75,37.02,25.6,22.04,3,False,False,M4A4,Desert Storm,3
,USD,3.5300000000000002,4.35,3.66,3.55,11,False,False,M4A4,Evil Daimyo,0
,USD,4.8100000000000005,9.08,7.28,7.78,13,False,False,M4A4,Faded Zebra,2
,USD,70.87,75.85,73.36,73.35,2,False,False,M4A4,Desert Storm,4
,USD,16.66,30.17,22.56,22.38,8,False,False,M4A4,Faded Zebra,3
,USD,954.14,954.14,954.14,954.14,1,False,False,M4A4,Poseidon,2
,USD,70.7,84.74,76.44,75.63,12,False,False,M4A4,Royal Paladin,2
,USD,2599.82,2668.33,2634.08,2634.07,2,False,False,M4A4,Poseidon,4
,USD,0.08,0.48,0.16,0.12,8,False,False,M4A4,Urban DDPAT,1
,USD,33.66,37.91,35.78,35.78,2,False,False,M4A4,The Battlestar,0
,USD,12.77,22.44,19.36,21.12,6,False,False,M4A4,éľŤçŽ‹,Dragon King
,USD,81.25,81.25,81.25,81.25,1,False,False,M4A4,Zirka,4
,USD,208.92,208.92,208.92,208.92,1,True,False,Souvenir AK-47,Safari Mesh,0
,USD,47.2,51.14,49.18,49.17,2,True,False,Souvenir M4A4,Radiation Hazard,2
,USD,135.38,135.38,135.38,135.38,1,False,True,StatTrakâ„˘ AK-47,Jaguar,0
,USD,44.08,44.08,44.08,44.08,1,False,True,StatTrakâ„˘ AK-47,Cartel,1
,USD,179.9,179.9,179.9,179.9,1,False,True,StatTrakâ„˘ AWP,BOOM,2
,USD,29.62,36.93,33.28,33.28,2,False,True,StatTrakâ„˘ AK-47,Frontside Misty,0
,USD,22.13,22.13,22.13,22.13,1,False,True,StatTrakâ„˘ AWP,Fever Dream,1
,USD,16.33,16.33,16.33,16.33,1,True,False,Souvenir AK-47,Safari Mesh,2
,USD,18.22,18.22,18.22,18.22,1,True,False,Souvenir AK-47,Safari Mesh,3
,USD,191.19,191.19,191.19,191.19,1,True,False,Souvenir M4A4,Tornado,4
,USD,9.29,20.57,13.71,12.89,5,True,False,Souvenir M4A4,Tornado,0
,USD,10.85,58.03,18.72,14.04,16,True,False,Souvenir M4A4,Tornado,2
,USD,49.62,49.62,49.62,49.62,1,False,True,StatTrakâ„˘ AK-47,Orbit Mk01,0
,USD,380.48,380.48,380.48,380.48,1,False,True,StatTrakâ„˘ AK-47,Aquamarine Revenge,4
,USD,76.05,126.7,101.82,104.09,10,False,True,StatTrakâ„˘ AK-47,Cartel,4
,USD,336.59,336.59,336.59,336.59,1,False,True,StatTrakâ„˘ AK-47,Fuel Injector,1
,USD,126.37,126.37,126.37,126.37,1,False,True,StatTrakâ„˘ AK-47,Red Laminate,0
,USD,174.1,257.29,200.46,185.2,4,False,True,StatTrakâ„˘ AK-47,Vulcan,0
,USD,962.18,962.18,962.18,962.18,1,False,True,StatTrakâ„˘ AWP,Lightning Strike,3
,USD,51.39,67.86,61.67,65.62,7,False,True,StatTrakâ„˘ AK-47,Aquamarine Revenge,1
,USD,265.34,281.42,273.38,273.38,2,False,True,StatTrakâ„˘ AK-47,Bloodsport,1
,USD,3.48,15.25,5.42,4.55,13,False,True,StatTrakâ„˘ AK-47,Elite Build,0
,USD,2065.95,2065.95,2065.95,2065.95,1,False,True,StatTrakâ„˘ AK-47,Fire Serpent,2
,USD,34.94,41.4,38.49,39.11,3,False,True,StatTrakâ„˘ AK-47,Frontside Misty,1
,USD,899.04,927.36,913.2,913.2,2,False,True,StatTrakâ„˘ AK-47,Fuel Injector,4
,USD,502.42,545.25,521.0,515.33,3,False,True,StatTrakâ„˘ AK-47,Fuel Injector,3
,USD,97.3,130.74,113.47,114.07,10,False,True,StatTrakâ„˘ AK-47,Neon Revolution,3
,USD,11.1,11.1,11.1,11.1,1,True,False,Souvenir M4A4,Tornado,1
,USD,85.84,109.29,99.79,102.02,4,False,True,StatTrakâ„˘ AK-47,Orbit Mk01,4
,USD,70.59,99.0,87.48,92.85,3,False,True,StatTrakâ„˘ AK-47,Point Disarray,4
,USD,354.0,461.94,397.29,386.61,4,False,True,StatTrakâ„˘ AK-47,The Empress,4
,USD,102.0,152.8,120.74,120.8,8,False,True,StatTrakâ„˘ AK-47,Wasteland Rebel,2
,USD,186.75,348.62,253.34,256.26,5,False,True,StatTrakâ„˘ AWP,BOOM,3
,USD,109.7,123.03,116.59,117.03,3,False,True,StatTrakâ„˘ AWP,Corticera,4
,USD,52.95,52.95,52.95,52.95,1,False,True,StatTrakâ„˘ AWP,Corticera,2
,USD,97.68,399.68,164.16,103.23,5,False,True,StatTrakâ„˘ AWP,Electric Hive,4
,USD,50.93,60.75,55.17,54.48,4,False,True,StatTrakâ„˘ AWP,Electric Hive,2
,USD,345.05,1496.26,547.79,394.62,7,False,True,StatTrakâ„˘ AWP,Graphite,4
,USD,60.81,81.34,70.16,66.77,8,False,True,StatTrakâ„˘ AWP,Hyper Beast,2
,USD,56.8,69.36,61.04,59.95,5,False,True,StatTrakâ„˘ AWP,Hyper Beast,1
,USD,6.96,11.27,8.21,7.54,5,False,True,StatTrakâ„˘ AWP,Mortis,0
,USD,600.88,688.28,644.58,644.58,2,False,True,StatTrakâ„˘ AWP,Oni Taiji,3
,USD,5.86,6.43,6.23,6.42,3,False,True,StatTrakâ„˘ AWP,PAW,1
,USD,128.96,154.68,144.57,150.88,5,False,True,StatTrakâ„˘ AWP,Redline,3
,USD,126.79,126.79,126.79,126.79,1,False,True,StatTrakâ„˘ AK-47,Jaguar,1
,USD,77.07,140.09,109.14,110.25,3,False,True,StatTrakâ„˘ AWP,Elite Build,4
,USD,303.39,303.39,303.39,303.39,1,False,True,StatTrakâ„˘ M4A4,Asiimov,1
,USD,406.23,555.84,481.36,481.99,3,False,True,StatTrakâ„˘ M4A4,Asiimov,2
,USD,49.91,79.2,61.46,58.36,4,False,True,StatTrakâ„˘ M4A4,The Battlestar,3
,USD,46.43,46.43,46.43,46.43,1,False,True,StatTrakâ„˘ M4A4,éľŤçŽ‹,Dragon King
,USD,95.68,143.75,123.13,127.66,9,False,True,StatTrakâ„˘ M4A4,Desolate Space,4
,USD,240.09,266.95,255.66,254.01,7,False,True,StatTrakâ„˘ M4A4,Hellfire,4
,USD,89.72,178.74,114.86,112.46,11,False,True,StatTrakâ„˘ M4A4,éľŤçŽ‹,Dragon King
,USD,44.41,59.65,52.03,52.02,2,False,True,StatTrakâ„˘ M4A4,Desert-Strike,3
,USD,9.53,16.3,12.92,12.91,2,False,True,StatTrakâ„˘ M4A4,Faded Zebra,3
,USD,107.94,108.4,108.17,108.17,2,False,True,StatTrakâ„˘ M4A4,X-Ray,3
,USD,48.93,58.37,54.9,57.38,3,False,True,StatTrakâ„˘ AWP,Neo-Noir,1
,USD,0.02,0.41000000000000003,0.05,0.03,47,False,False,M4A4,Mainframe,2
,USD,52.23,58.1,55.17,55.17,2,False,True,StatTrakâ„˘ M4A4,The Emperor,0
,USD,0.05,0.05,0.05,0.05,2,False,False,M4A4,Mainframe,1
,USD,50.42,58.35,54.69,55.27,7,False,False,M4A4,The Emperor,1
,USD,391.14,447.4,424.59,435.24,3,False,True,StatTrakâ„˘ M4A4,The Emperor,4
,USD,2.61,4.17,3.46,3.59,3,False,True,StatTrakâ„˘ AK-47,Uncharted,1
,USD,69.56,72.37,70.96,70.96,2,False,True,StatTrakâ„˘ AK-47,Asiimov,1
,USD,499.13,598.62,548.07,547.27,4,False,True,StatTrakâ„˘ AK-47,Asiimov,4
,USD,8.87,22.63,13.87,10.11,3,True,False,Souvenir M4A4,Converter,4
,USD,35.98,52.23,40.44,37.37,5,True,False,Souvenir AK-47,Black Laminate,2
,USD,15726.81,15726.81,15726.81,15726.81,1,False,False,AK-47,Wild Lotus,4
,USD,675.58,746.17,710.87,710.87,2,False,False,AWP,Containment Breach,4
,USD,59.84,73.41,64.6,62.56,4,True,False,Souvenir AK-47,Black Laminate,3
,USD,14121.94,14121.94,14121.94,14121.94,1,False,False,AWP,Gungnir,4
,USD,37.55,44.57,39.85,38.72,6,False,False,AWP,Wildfire,0
,USD,11.46,15.24,13.35,13.35,2,False,True,StatTrakâ„˘ AK-47,Rat Rod,1
,USD,12.91,17.71,15.15,14.97,4,False,True,StatTrakâ„˘ AK-47,Rat Rod,0
,USD,10.84,10.84,10.84,10.84,1,False,False,M4A4,Dark Blossom,0
,USD,194.0,194.0,194.0,194.0,1,False,False,AWP,Silk Tiger,1
,USD,194.15,194.15,194.15,194.15,1,False,False,AWP,Silk Tiger,2
,USD,374.47,410.86,392.67,392.67,2,False,False,AK-47,X-Ray,0
,USD,118.07,167.1,148.95,155.29,4,False,True,StatTrakâ„˘ M4A4,Cyber Security,4
,USD,2195.68,2832.59,2500.19,2472.3,3,False,False,AK-47,Gold Arabesque,3
,USD,1277.45,1703.45,1490.45,1490.45,2,False,False,AK-47,X-Ray,3
,USD,1.5,1.5,1.5,1.5,17,False,False,,,
,USD,181.2,181.2,181.2,181.2,1,False,False,AK-47,Panthera onca,1
,USD,8.47,12.09,10.28,10.75,5,False,True,StatTrakâ„˘ AWP,Exoskeleton,1
,USD,278.56,301.77,290.16,290.16,3,False,False,AK-47,Panthera onca,3
,USD,916.88,916.88,916.88,916.88,1,False,False,AWP,Fade,3
,USD,31.53,38.48,34.53,33.98,5,False,True,StatTrakâ„˘ AK-47,Legion of Anubis,1
,USD,26.52,26.52,26.52,26.52,1,False,True,StatTrakâ„˘ M4A4,Cyber Security,0
,USD,208.92,222.48,215.71,215.7,2,False,False,AK-47,Panthera onca,2
,USD,352.83,473.87,413.35,413.35,2,False,False,AWP,Silk Tiger,3
,USD,874.79,1009.77,942.29,942.29,2,False,False,AK-47,X-Ray,2
,USD,29.04,37.44,33.24,33.24,2,False,True,StatTrakâ„˘ M4A4,In Living Color,1
,USD,78.54,78.54,78.54,78.54,1,False,False,M4A4,Red DDPAT,3
,USD,1415.99,1971.94,1719.94,1740.98,5,False,False,AWP,Desert Hydra,3
,USD,9.29,10.28,9.98,10.17,5,False,False,AWP,POP AWP,2
,USD,1160.65,1160.65,1160.65,1160.65,1,False,False,AK-47,Gold Arabesque,0
,USD,127.6,127.6,127.6,127.6,1,True,False,Souvenir AK-47,Panthera onca,1
,USD,6.67,9.15,7.85,7.73,3,True,False,Souvenir M4A4,Red DDPAT,0
,USD,1166.14,1729.87,1439.24,1495.28,11,True,False,Souvenir AWP,Desert Hydra,2
,USD,2060.53,2442.09,2267.4,2299.57,3,True,False,Souvenir AK-47,Gold Arabesque,3
Tier 2,USD,1073.59,1073.59,1073.59,1073.59,1,False,True,StatTrakâ„˘ AK-47,Case Hardened,3
Tier 2,USD,6532.18,6532.18,6532.18,6532.18,1,False,True,StatTrakâ„˘ AK-47,Case Hardened,4
,USD,49.88,60.23,53.52,50.45,3,False,True,StatTrakâ„˘ AK-47,Nightwish,0
,USD,254.09,254.09,254.09,254.09,1,True,False,Souvenir M4A4,Eye of Horus,0
,USD,0.05,0.09,0.07,0.07,5,False,False,M4A4,Poly Mag,0
,USD,0.08,1.02,0.21,0.1,11,False,True,StatTrakâ„˘ M4A4,Poly Mag,2
,USD,8.98,8.98,8.98,8.98,1,False,True,StatTrakâ„˘ AWP,Duality,1
,USD,1360.84,1416.63,1388.74,1388.74,2,False,False,M4A4,Eye of Horus,4
,USD,351.12,351.12,351.12,351.12,1,False,False,M4A4,Eye of Horus,1
,USD,27.07,32.5,29.88,29.23,10,False,False,M4A4,Temukau,1
,USD,3.41,4.57,3.81,3.7,5,False,False,AWP,Black Nile,1
,USD,17.41,17.41,17.41,17.41,1,True,False,Souvenir AK-47,Steel Delta,0
,USD,29.49,33.18,31.27,31.14,3,False,True,StatTrakâ„˘ AWP,Chrome Cannon,0
,USD,110.98,110.98,110.98,110.98,1,False,True,StatTrakâ„˘ AK-47,The Outsiders,4
,USD,145.08,181.07,160.24,154.58,3,False,False,AWP,CMYK,0
,USD,1.01,3.48,1.74,1.71,7,False,False,M4A4,Turbine,1
,USD,0.02,0.03,0.02,0.02,6,False,False,M4A4,Steel Work,0
,USD,1.51,1.88,1.75,1.8599999999999999,3,False,False,AK-47,Wintergreen,1
,USD,0.09,0.15,0.12,0.12,8,False,True,StatTrakâ„˘ M4A4,Choppa,0
,USD,54.5,65.02,58.19,57.09,9,False,True,StatTrakâ„˘ AWP,Printstream,0
,USD,50.05,50.05,50.05,50.05,1,True,False,Souvenir AWP,Crakow!,0
,USD,203.11,291.8,247.46,247.45,2,True,False,Souvenir AWP,LongDog,2
,USD,64.98,75.49,70.36,70.47,4,True,False,Souvenir M4A4,Hellish,2
,USD,1.16,1.16,1.16,1.16,1,False,False,M4A4,Sheet Lightning,1
,USD,61.75,70.99,66.16,66.59,5,False,True,StatTrakâ„˘ M4A4,Full Throttle,1
,USD,68.99,94.98,80.43,78.96,8,False,True,StatTrakâ„˘ AK-47,The Oligarch,1
,USD,100.98,100.98,100.98,100.98,1,False,False,AK-47,First Class,1
,USD,2.11,2.12,2.12,2.11,2,True,False,,,
,USD,218.63,293.39,260.81,259.72,6,True,False,Souvenir AK-47,B the Monster,2
,USD,87.05,87.05,87.05,87.05,1,True,False,Souvenir AWP,Crakow!,3
,USD,4887.69,4887.69,4887.69,4887.69,1,False,False,AWP,Dragon Lore,0
,USD,2.98,5.11,3.83,3.39,3,False,False,AK-47,Breakthrough,1
,USD,0.1,0.1,0.1,0.1,1,False,False,M4A4,Zubastick,0
,USD,301.97,301.97,301.97,301.97,1,False,False,AK-47,Black Laminate,4
,USD,174.82,423.64,227.73,210.7,16,False,False,AK-47,Aquamarine Revenge,4
,USD,46.8,58.91,52.66,52.23,5,False,False,AK-47,Neon Rider,1
,USD,22.95,27.25,24.76,24.06,3,False,False,AK-47,Orbit Mk01,0
,USD,25.6,25.6,25.6,25.6,1,False,False,AK-47,Predator,3
,USD,34.37,56.69,41.5,41.37,125,False,False,AK-47,Aquamarine Revenge,2
,USD,54.42,108.81,72.11,69.79,78,False,False,AK-47,Aquamarine Revenge,3
,USD,27.64,39.15,34.84,34.7,14,False,False,AK-47,Aquamarine Revenge,1
,USD,33.65,60.45,38.95,35.6,10,False,False,AK-47,Black Laminate,2
,USD,98.66,264.63,152.66,103.3,5,False,False,AK-47,Black Laminate,3
,USD,166.98,284.36,201.02,200.43,103,False,False,AK-47,Bloodsport,4
,USD,127.67,290.16,148.47,147.68,126,False,False,AK-47,Bloodsport,2
,USD,128.81,209.11,165.81,166.41,136,False,False,AK-47,Bloodsport,3
,USD,1814.15,2002.2,1903.29,1915.07,5,False,False,AWP,Medusa,2
,USD,103.43,150.61,127.85,127.21,13,False,False,AK-47,Bloodsport,1
,USD,49.91,416.86,74.92,64.47,131,False,False,AK-47,Blue Laminate,4
,USD,13.56,1177.2,46.89,16.85,77,False,False,AK-47,Blue Laminate,2
,USD,13.37,638.36,30.19,18.74,112,False,False,AK-47,Blue Laminate,3
,USD,14.66,27.04,17.63,17.92,12,False,False,AK-47,Cartel,0
,USD,63.08,83.07,70.1,67.49,9,False,False,AK-47,Cartel,4
,USD,14.29,324.32,27.24,18.33,75,False,False,AK-47,Cartel,2
,USD,19.64,38.3,23.63,23.35,90,False,False,AK-47,Cartel,3
,USD,165.22,241.28,205.28,209.07,9,False,False,AK-47,Case Hardened,0
,USD,10.09,10.09,10.09,10.09,1,False,False,M4A4,Faded Zebra,0
,USD,660.13,982.98,740.96,675.6,7,False,False,AK-47,Case Hardened,4
,USD,190.35,751.65,253.6,234.56,32,False,False,AK-47,Case Hardened,2
,USD,247.25,1662.45,340.7,290.16,49,False,False,AK-47,Case Hardened,3
,USD,160.91,324.98,227.88,201.56,16,False,False,AK-47,Case Hardened,1
,USD,1.15,2.41,1.6600000000000001,1.6600000000000001,44,False,False,AK-47,Elite Build,0
,USD,9.32,27.28,12.22,10.96,66,False,False,AK-47,Elite Build,4
,USD,1.5899999999999999,55.6,2.92,2.37,119,False,False,AK-47,Elite Build,2
,USD,2.46,37.85,4.21,3.45,156,False,False,AK-47,Elite Build,3
,USD,1.11,4.64,1.9300000000000002,1.74,40,False,False,AK-47,Elite Build,1
,USD,2.7199999999999998,6.77,3.45,2.89,7,False,False,AK-47,Emerald Pinstripe,0
,USD,22.7,43.99,30.36,29.75,33,False,False,AK-47,Emerald Pinstripe,4
,USD,2.31,29.02,4.84,3.04,38,False,False,AK-47,Emerald Pinstripe,2
,USD,2.94,12.74,5.21,5.1,50,False,False,AK-47,Emerald Pinstripe,3
,USD,666.96,1102.62,849.61,818.33,31,False,False,AK-47,Fire Serpent,2
,USD,1010.09,2001.95,1369.1,1289.48,11,False,False,AK-47,Fire Serpent,3
,USD,89.61,116.77,98.79,94.01,5,False,False,AWP,Snake Camo,3
,USD,138.49,138.5,138.5,138.49,2,False,False,AK-47,First Class,3
,USD,15.56,17.99,16.97,17.32,14,False,False,AK-47,Frontside Misty,0
,USD,114.05,204.58,159.73,156.83,6,False,False,AK-47,Frontside Misty,4
,USD,15.12,81.13,20.06,19.49,223,False,False,AK-47,Frontside Misty,2
,USD,24.37,70.01,33.79,33.16,145,False,False,AK-47,Frontside Misty,3
,USD,15.67,19.01,18.0,17.98,13,False,False,AK-47,Frontside Misty,1
,USD,101.49,129.08,115.55,116.09,27,False,False,AK-47,Fuel Injector,0
,USD,389.96,510.58,457.99,484.0,5,False,False,AK-47,Fuel Injector,4
,USD,150.88,207.97,177.63,176.52,57,False,False,AK-47,Fuel Injector,2
,USD,200.63,298.38,249.28,250.71,33,False,False,AK-47,Fuel Injector,3
,USD,100.83,179.78,134.43,131.87,28,False,False,AK-47,Fuel Injector,1
,USD,4354.79,4642.6,4498.7,4498.7,2,False,False,AK-47,Hydroponic,4
,USD,1961.5,2248.72,2083.46,2040.14,3,False,False,AK-47,Hydroponic,3
,USD,71.38,129.27,86.29,85.56,30,False,False,AK-47,Jaguar,2
,USD,151.41,228.45,177.77,173.81,10,False,False,AK-47,Jaguar,3
,USD,72.81,83.13,78.12,78.05,5,False,False,AK-47,Jaguar,1
,USD,385.05,454.5,419.77,419.77,2,False,False,AK-47,Jet Set,3
,USD,11.53,116.07,29.52,14.79,13,False,False,AK-47,Jungle Spray,2
,USD,35.71,51.87,42.74,42.79,7,False,False,AK-47,Jungle Spray,3
,USD,79.34,101.13,91.63,91.52,8,False,False,AK-47,Neon Revolution,0
,USD,208.92,289.52,253.81,255.34,20,False,False,AK-47,Neon Revolution,4
,USD,86.98,105.98,97.7,97.54,42,False,False,AK-47,Neon Revolution,2
,USD,92.85,131.88,107.79,106.32,32,False,False,AK-47,Neon Revolution,3
,USD,40.62,51.05,46.03,47.3,5,False,False,AK-47,Neon Rider,0
,USD,197.01,417.83,249.16,226.18,25,False,False,AK-47,Neon Rider,4
,USD,33.01,75.76,51.02,50.24,215,False,False,AK-47,Neon Rider,2
,USD,68.48,219.36,84.23,81.25,122,False,False,AK-47,Neon Rider,3
,USD,97.6,151.41,120.52,118.86,20,False,False,AK-47,Orbit Mk01,4
,USD,23.39,36.01,29.92,30.05,63,False,False,AK-47,Orbit Mk01,2
,USD,30.15,66.16,38.48,37.14,46,False,False,AK-47,Orbit Mk01,3
,USD,65.54,94.38,77.4,70.99,9,False,False,AK-47,Point Disarray,4
,USD,11.61,75.33,15.44,14.9,102,False,False,AK-47,Point Disarray,2
,USD,17.42,29.02,22.77,22.78,61,False,False,AK-47,Point Disarray,3
,USD,10.1,14.51,13.08,13.79,8,False,False,AK-47,Point Disarray,1
,USD,8.16,40.51,15.27,10.12,6,False,False,AK-47,Predator,2
,USD,58.39,252.31,94.66,64.18,6,False,False,AK-47,Red Laminate,0
,USD,54.72,636.84,102.49,69.52,34,False,False,AK-47,Red Laminate,2
,USD,168.35,1508.85,497.13,208.92,7,False,False,AK-47,Red Laminate,3
,USD,55.53,70.67,64.08,65.05,4,False,False,AK-47,Red Laminate,1
,USD,24.65,626.74,46.33,34.27,402,False,False,AK-47,Redline,2
,USD,134.1,241.06,174.88,172.87,29,False,False,AK-47,Redline,3
,USD,0.07,4.14,0.39,0.09,30,False,False,AK-47,Safari Mesh,0
,USD,12.89,25.27,15.99,15.81,18,False,False,AK-47,Safari Mesh,4
,USD,0.06,3.37,0.15,0.09,174,False,False,AK-47,Safari Mesh,2
,USD,0.24,6.85,0.62,0.34,47,False,False,AK-47,Safari Mesh,3
,USD,0.07,0.09,0.09,0.09,43,False,False,AK-47,Safari Mesh,1
,USD,74.94,92.84,84.34,83.57,13,False,False,AK-47,The Empress,0
,USD,223.13,322.59,261.58,257.7,12,False,False,AK-47,The Empress,4
,USD,81.25,107.29,91.67,90.8,88,False,False,AK-47,The Empress,2
,USD,88.55,123.24,106.19,105.69,102,False,False,AK-47,The Empress,3
,USD,81.25,95.18,87.84,86.99,27,False,False,AK-47,The Empress,1
,USD,98.66,141.62,111.43,107.62,10,False,False,AK-47,Vulcan,0
,USD,580.89,907.63,668.73,638.36,18,False,False,AK-47,Vulcan,4
,USD,161.77,352.57,222.97,216.37,82,False,False,AK-47,Vulcan,2
,USD,318.52,696.39,407.96,394.62,83,False,False,AK-47,Vulcan,3
,USD,116.07,159.32,139.57,140.55,20,False,False,AK-47,Vulcan,1
,USD,54.34,70.56,62.45,62.44,2,False,False,AK-47,Wasteland Rebel,0
,USD,459.61,459.61,459.61,459.61,1,False,False,AK-47,Wasteland Rebel,4
,USD,66.48,162.48,81.28,77.81,31,False,False,AK-47,Wasteland Rebel,2
,USD,86.91,132.89,105.89,103.2,14,False,False,AK-47,Wasteland Rebel,3
,USD,63.96,533.9,116.36,83.59,118,False,False,AWP,Asiimov,0
,USD,94.35,393.46,135.77,130.47,177,False,False,AWP,Asiimov,2
,USD,75.93,116.07,95.02,93.94,54,False,False,AWP,Asiimov,1
,USD,400.59,406.23,403.41,403.41,2,False,False,AWP,BOOM,4
,USD,105.46,253.02,128.58,118.39,13,False,False,AWP,BOOM,2
,USD,127.1,220.51,158.88,159.01,45,False,False,AWP,BOOM,3
,USD,203.11,216.52,209.82,209.82,2,False,False,AWP,Corticera,4
,USD,20.23,31.34,24.98,25.04,6,False,False,AWP,Corticera,2
,USD,23.2,171.66,33.91,29.13,34,False,False,AWP,Corticera,3
,USD,10097.66,12313.34,11117.98,11094.86,5,False,False,AWP,Dragon Lore,4
,USD,8553.63,8791.44,8672.54,8672.54,2,False,False,AWP,Dragon Lore,3
,USD,110.26,348.2,146.66,136.96,19,False,False,AWP,Electric Hive,4
,USD,30.71,173.98,50.31,35.37,9,False,False,AWP,Electric Hive,2
,USD,27.21,119.07,40.05,37.35,32,False,False,AWP,Electric Hive,3
,USD,12.33,25.78,15.45,12.86,5,False,False,AWP,Elite Build,0
,USD,10.88,23.78,14.29,13.93,28,False,False,AWP,Elite Build,2
,USD,20.6,48.14,31.31,29.89,41,False,False,AWP,Elite Build,3
,USD,23.21,38.57,27.55,27.53,64,False,False,AWP,Fever Dream,4
,USD,9.8,9.8,9.8,9.8,1,False,False,M4A4,Tornado,1
,USD,11.61,17.29,13.61,13.73,51,False,False,AWP,Fever Dream,2
,USD,10.45,18.36,15.97,16.23,104,False,False,AWP,Fever Dream,3
,USD,11.61,12.81,12.21,12.21,2,False,False,AWP,Fever Dream,1
,USD,165.96,942.96,237.32,201.77,40,False,False,AWP,Graphite,4
,USD,29.02,58.03,37.52,32.92,8,False,False,AWP,Hyper Beast,0
,USD,162.77,405.07,221.17,202.32,19,False,False,AWP,Hyper Beast,4
,USD,29.75,69.77,38.46,38.42,93,False,False,AWP,Hyper Beast,2
,USD,45.42,203.11,60.56,58.25,87,False,False,AWP,Hyper Beast,3
,USD,28.81,37.99,33.83,34.8,16,False,False,AWP,Hyper Beast,1
,USD,415.73,1626.28,571.98,557.69,67,False,False,AWP,Lightning Strike,4
,USD,502.9,603.63,561.55,578.11,3,False,False,AWP,Lightning Strike,3
,USD,2477.36,2568.37,2522.87,2522.86,2,False,False,AWP,Medusa,3
,USD,1711.11,1944.18,1823.59,1819.53,4,False,False,AWP,Medusa,1
,USD,3.48,4.27,3.96,4.07,14,False,False,AWP,Mortis,0
,USD,16.09,34.53,21.46,20.94,56,False,False,AWP,Mortis,4
,USD,2.12,69.64,4.63,3.9,130,False,False,AWP,Mortis,2
,USD,3.67,7.2,5.69,5.76,103,False,False,AWP,Mortis,3
,USD,257.76,412.03,330.52,324.98,13,False,False,AWP,Oni Taiji,2
,USD,361.46,539.7,432.97,428.6,10,False,False,AWP,Oni Taiji,3
,USD,276.8,276.8,276.8,276.8,1,False,False,AWP,Oni Taiji,1
,USD,5.11,28.84,8.93,7.61,54,False,False,AWP,PAW,4
,USD,1.75,11.11,2.7199999999999998,2.5300000000000002,52,False,False,AWP,PAW,2
,USD,2.66,29.02,4.38,3.81,82,False,False,AWP,PAW,3
,USD,1.97,2.75,2.46,2.55,5,False,False,AWP,PAW,1
,USD,5.23,15.16,6.99,6.94,55,False,False,AWP,Phobos,4
,USD,1.79,11.49,2.81,2.5300000000000002,47,False,False,AWP,Phobos,2
,USD,2.02,5.8,2.86,2.79,70,False,False,AWP,Phobos,3
,USD,207.85,246.43,227.14,227.14,2,False,False,AWP,Pink DDPAT,4
,USD,34.81,45.32,39.75,39.2,6,False,False,AWP,Pink DDPAT,2
,USD,48.49,204.33,91.53,83.52,14,False,False,AWP,Pink DDPAT,3
,USD,1.07,6.78,1.79,1.1400000000000001,9,False,False,AWP,Pit Viper,0
,USD,0.56,13.57,1.1400000000000001,1.0,115,False,False,AWP,Pit Viper,2
,USD,1.04,8.11,1.96,1.8,134,False,False,AWP,Pit Viper,3
,USD,0.89,1.54,1.28,1.43,9,False,False,AWP,Pit Viper,1
,USD,32.05,192.16,44.79,41.27,69,False,False,AWP,Redline,2
,USD,55.51,893.7,102.1,72.52,59,False,False,AWP,Redline,3
,USD,0.12,4.64,0.53,0.21,40,False,False,AWP,Safari Mesh,0
,USD,13.37,20.46,16.01,15.97,19,False,False,AWP,Safari Mesh,4
,USD,0.1,11.0,0.59,0.15,55,False,False,AWP,Safari Mesh,2
,USD,0.22,5.8,0.5700000000000001,0.35000000000000003,50,False,False,AWP,Safari Mesh,3
,USD,81.25,232.13,129.37,102.03,4,False,False,AWP,Snake Camo,2
,USD,67.31,144.54,90.15,89.35,65,False,False,AWP,Sun in Leo,4
,USD,20.14,69.63,26.71,24.23,40,False,False,AWP,Sun in Leo,2
,USD,24.2,87.05,34.54,32.99,134,False,False,AWP,Sun in Leo,3
,USD,3.92,36.1,5.77,5.19,85,False,False,AWP,Worm God,4
,USD,2.05,6.85,2.73,2.7,62,False,False,AWP,Worm God,2
,USD,2.21,5.4,3.18,3.13,82,False,False,AWP,Worm God,3
,USD,25.57,25.57,25.57,25.57,1,False,False,M4A4,Radiation Hazard,0
,USD,174.1,219.35,193.17,189.6,4,False,True,StatTrakâ„˘ AK-47,Neon Revolution,4
,USD,17.65,25.19,21.43,21.43,2,False,False,AK-47,Blue Laminate,1
,USD,346.34,346.34,346.34,346.34,1,False,True,StatTrakâ„˘ AWP,Graphite,3
,USD,656.72,719.6,691.17,697.17,3,False,False,AK-47,Fire Serpent,1
,USD,1487.59,1604.78,1546.19,1546.19,2,False,False,AK-47,Hydroponic,2
,USD,44.82,47.12,45.87,45.76,4,False,False,AWP,Redline,1
,USD,1.9,2.16,2.03,2.03,2,False,False,AWP,PAW,0
,USD,1012.74,1397.78,1232.6,1259.94,4,False,False,M4A4,Poseidon,3
,USD,34.62,34.62,34.62,34.62,1,False,False,M4A4,Radiation Hazard,1
,USD,64.1,64.1,64.1,64.1,1,False,False,M4A4,Royal Paladin,1
,USD,8.69,20.78,13.05,9.68,3,False,True,StatTrakâ„˘ M4A4,Evil Daimyo,0
,USD,83.01,112.47,95.43,93.83,33,False,False,M4A4,Asiimov,0
,USD,186.26,319.53,246.29,242.82,26,False,False,M4A4,Asiimov,2
,USD,111.13,164.09,137.28,134.77,10,False,False,M4A4,Asiimov,1
,USD,275.2,317.76,299.85,306.59,3,False,False,M4A4,Bullet Rain,4
,USD,58.03,135.52,81.15,75.49,7,False,False,M4A4,Bullet Rain,2
,USD,100.69,121.29,110.74,110.95,6,False,False,M4A4,Bullet Rain,3
,USD,186.45,230.13,213.66,219.04,4,False,False,M4A4,Buzz Kill,0
,USD,406.23,615.14,498.74,503.77,25,False,False,M4A4,Buzz Kill,4
,USD,209.72,304.02,258.44,255.69,42,False,False,M4A4,Buzz Kill,2
,USD,266.22,408.71,344.31,342.9,36,False,False,M4A4,Buzz Kill,3
,USD,1408.88,1595.41,1502.15,1502.14,2,False,False,M4A4,Daybreak,4
,USD,9.4,18.18,12.06,11.73,6,False,False,M4A4,Desert Storm,2
,USD,97.49,118.69,108.81,109.52,4,False,False,M4A4,Desert-Strike,4
,USD,24.33,35.45,30.68,31.19,6,False,False,M4A4,Desert-Strike,2
,USD,33.59,232.12,56.11,37.86,12,False,False,M4A4,Desert-Strike,3
,USD,10.94,17.99,12.55,12.42,53,False,False,M4A4,Desolate Space,0
,USD,75.44,288.73,103.85,96.24,36,False,False,M4A4,Desolate Space,4
,USD,11.3,22.05,15.43,15.48,390,False,False,M4A4,Desolate Space,2
,USD,16.72,63.86,24.64,24.33,216,False,False,M4A4,Desolate Space,3
,USD,10.14,18.09,13.16,13.05,71,False,False,M4A4,Desolate Space,1
,USD,8.1,46.31,12.76,11.7,94,False,False,M4A4,Evil Daimyo,4
,USD,2.69,20.89,3.99,3.75,105,False,False,M4A4,Evil Daimyo,2
,USD,3.92,18.05,5.94,5.46,169,False,False,M4A4,Evil Daimyo,3
,USD,2.92,4.98,4.06,4.09,9,False,False,M4A4,Evil Daimyo,1
,USD,3.09,13.93,6.04,4.43,6,False,False,M4A4,Griffin,0
,USD,108.34,183.19,128.83,126.16,23,False,False,M4A4,Griffin,4
,USD,3.6,10.14,4.79,4.42,75,False,False,M4A4,Griffin,2
,USD,7.44,29.4,11.05,8.76,77,False,False,M4A4,Griffin,3
,USD,401.5,513.2,442.87,435.73,20,False,False,M4A4,Hellfire,4
,USD,105.67,235.66,145.31,132.13,11,False,False,M4A4,Hellfire,2
,USD,168.05,238.36,194.22,189.95,23,False,False,M4A4,Hellfire,3
,USD,7149.7,7149.7,7149.7,7149.7,1,False,False,M4A4,Howl,4
,USD,4226.72,5055.05,4468.24,4369.41,6,False,False,M4A4,Howl,2
,USD,5003.32,5308.79,5172.45,5188.83,4,False,False,M4A4,Howl,3
,USD,10.98,17.41,13.35,12.67,8,False,False,M4A4,Jungle Tiger,2
,USD,32.5,78.59,41.95,38.95,12,False,False,M4A4,Jungle Tiger,3
,USD,38.23,47.95,43.09,43.08,2,False,False,M4A4,Modern Hunter,2
,USD,24.87,32.08,29.84,29.83,10,False,False,M4A4,Neo-Noir,0
,USD,110.26,230.69,132.78,122.12,27,False,False,M4A4,Neo-Noir,4
,USD,29.02,48.97,36.36,35.84,109,False,False,M4A4,Neo-Noir,2
,USD,48.21,87.42,59.17,59.05,90,False,False,M4A4,Neo-Noir,3
,USD,25.53,34.67,30.68,30.29,13,False,False,M4A4,Neo-Noir,1
,USD,38.42,62.66,48.72,47.73,15,False,False,M4A4,Radiation Hazard,2
,USD,119.47,133.09,127.54,128.16,5,False,False,M4A4,Radiation Hazard,3
,USD,277.55,568.72,344.43,287.62,5,False,False,M4A4,Royal Paladin,4
,USD,69.48,108.93,94.73,93.5,13,False,False,M4A4,Royal Paladin,3
,USD,116.07,125.73,119.13,117.36,4,False,False,M4A4,The Battlestar,4
,USD,23.21,33.66,29.53,29.84,11,False,False,M4A4,The Battlestar,2
,USD,31.73,46.72,36.35,34.92,19,False,False,M4A4,The Battlestar,3
,USD,8.43,19.96,12.28,11.83,14,False,False,M4A4,Tornado,2
,USD,43.27,57.77,51.85,53.17,4,False,False,M4A4,Tornado,3
,USD,0.09,1.1,0.19,0.1,21,False,False,M4A4,Urban DDPAT,0
,USD,37.27,58.23,46.8,47.01,12,False,False,M4A4,Urban DDPAT,4
,USD,0.05,11.61,0.79,0.08,33,False,False,M4A4,Urban DDPAT,2
,USD,0.58,214.31,3.3,0.91,164,False,False,M4A4,Urban DDPAT,3
,USD,190.44,232.15,210.72,208.92,13,False,False,M4A4,X-Ray,4
,USD,64.21,64.21,64.21,64.21,1,False,False,M4A4,X-Ray,2
,USD,80.96,232.58,121.22,92.64,8,False,False,M4A4,X-Ray,3
,USD,25.53,25.53,25.53,25.53,1,False,False,M4A4,Zirka,2
,USD,28.27,75.01,46.87,42.1,4,False,False,M4A4,Zirka,3
,USD,11.61,17.85,14.57,14.51,10,False,False,M4A4,éľŤçŽ‹,Dragon King
,USD,61.7,116.07,86.89,81.42,23,False,False,M4A4,éľŤçŽ‹,Dragon King
,USD,12.85,25.79,16.54,16.24,131,False,False,M4A4,éľŤçŽ‹,Dragon King
,USD,17.41,52.25,29.93,29.69,162,False,False,M4A4,éľŤçŽ‹,Dragon King
,USD,390.02,390.02,390.02,390.02,1,False,True,StatTrakâ„˘ AWP,Oni Taiji,1
,USD,67.32,81.91,74.21,75.98,5,False,False,M4A4,Royal Paladin,0
,USD,18.23,23.83,21.59,22.7,3,True,False,Souvenir AWP,Pink DDPAT,0
,USD,5.8,5.8,5.8,5.8,1,False,False,M4A4,Griffin,1
,USD,1369.57,1369.57,1369.57,1369.57,1,False,True,StatTrakâ„˘ AK-47,Fire Serpent,1
,USD,769.99,769.99,769.99,769.99,1,False,True,StatTrakâ„˘ AK-47,Red Laminate,4
,USD,39.46,61.03,49.07,50.5,5,False,True,StatTrakâ„˘ AK-47,Redline,1
,USD,1334.75,1740.98,1435.11,1361.21,5,False,True,StatTrakâ„˘ AK-47,Vulcan,4
,USD,157.71,200.63,173.78,168.41,4,False,True,StatTrakâ„˘ AK-47,Wasteland Rebel,3
,USD,232.32,323.18,277.27,274.89,5,False,True,StatTrakâ„˘ AWP,Hyper Beast,4
,USD,857.87,972.38,916.82,921.18,5,False,True,StatTrakâ„˘ AWP,Lightning Strike,4
,USD,174.1,174.1,174.1,174.1,1,False,True,StatTrakâ„˘ M4A4,Zirka,4
,USD,75.62,88.74,82.0,79.68,5,False,True,StatTrakâ„˘ M4A4,Buzz Kill,0
,USD,188.84,223.97,200.04,193.67,4,False,True,StatTrakâ„˘ M4A4,Buzz Kill,4
,USD,19.56,28.32,25.34,26.03,8,False,True,StatTrakâ„˘ M4A4,Desolate Space,0
,USD,24.47,28.84,26.93,26.96,11,False,True,StatTrakâ„˘ M4A4,Desolate Space,1
,USD,21.12,41.08,30.21,26.9,16,True,False,Souvenir AWP,Pink DDPAT,2
,USD,44.01,48.89,47.15,48.53,3,True,False,Souvenir M4A4,Tornado,3
,USD,55.01,58.03,56.22,55.63,3,False,True,StatTrakâ„˘ AK-47,Aquamarine Revenge,0
,USD,70.73,127.66,95.17,94.04,19,False,True,StatTrakâ„˘ AK-47,Aquamarine Revenge,2
,USD,181.2,242.65,203.44,201.86,12,False,True,StatTrakâ„˘ AK-47,Aquamarine Revenge,3
,USD,354.78,568.71,423.79,422.56,14,False,True,StatTrakâ„˘ AK-47,Bloodsport,4
,USD,236.97,301.77,268.44,271.58,19,False,True,StatTrakâ„˘ AK-47,Bloodsport,2
,USD,280.76,353.05,323.74,323.94,17,False,True,StatTrakâ„˘ AK-47,Bloodsport,3
,USD,39.89,324.98,74.7,57.9,29,False,True,StatTrakâ„˘ AK-47,Blue Laminate,4
,USD,32.32,1245.85,103.54,39.03,19,False,True,StatTrakâ„˘ AK-47,Blue Laminate,2
,USD,31.7,162.49,52.14,42.21,27,False,True,StatTrakâ„˘ AK-47,Blue Laminate,3
,USD,43.73,48.57,47.28,48.42,4,False,True,StatTrakâ„˘ AK-47,Cartel,0
,USD,37.14,49.91,45.31,46.43,11,False,True,StatTrakâ„˘ AK-47,Cartel,2
,USD,50.29,73.28,60.2,61.03,14,False,True,StatTrakâ„˘ AK-47,Cartel,3
,USD,350.13,350.13,350.13,350.13,1,False,True,StatTrakâ„˘ AK-47,Case Hardened,0
,USD,754.42,1313.52,978.21,963.29,8,False,True,StatTrakâ„˘ AK-47,Case Hardened,4
,USD,458.45,551.42,499.89,489.79,3,False,True,StatTrakâ„˘ AK-47,Case Hardened,2
,USD,653.93,870.49,737.59,712.99,4,False,True,StatTrakâ„˘ AK-47,Case Hardened,3
,USD,377.21,787.61,530.41,426.39,3,False,True,StatTrakâ„˘ AK-47,Case Hardened,1
,USD,23.38,60.6,35.66,34.38,15,False,True,StatTrakâ„˘ AK-47,Elite Build,4
,USD,4.22,11.61,6.3,6.19,54,False,True,StatTrakâ„˘ AK-47,Elite Build,2
,USD,7.63,46.24,11.89,10.47,76,False,True,StatTrakâ„˘ AK-47,Elite Build,3
,USD,3.39,10.5,5.5,4.64,21,False,True,StatTrakâ„˘ AK-47,Elite Build,1
,USD,157.04,232.13,192.39,190.21,4,False,True,StatTrakâ„˘ AK-47,Frontside Misty,4
,USD,27.72,58.02,38.85,37.77,30,False,True,StatTrakâ„˘ AK-47,Frontside Misty,2
,USD,54.32,116.07,72.78,70.24,29,False,True,StatTrakâ„˘ AK-47,Frontside Misty,3
,USD,181.44,219.36,199.21,196.85,3,False,True,StatTrakâ„˘ AK-47,Fuel Injector,0
,USD,303.16,441.05,367.35,372.71,8,False,True,StatTrakâ„˘ AK-47,Fuel Injector,2
,USD,56.85,75.09,65.09,64.58,5,True,False,Souvenir AWP,Pink DDPAT,3
,USD,81.84,104.25,92.84,92.42,12,False,True,StatTrakâ„˘ AK-47,Neon Revolution,2
,USD,330.48,384.74,360.75,359.92,6,False,True,StatTrakâ„˘ AK-47,Neon Rider,4
,USD,80.31,111.0,95.87,95.18,28,False,True,StatTrakâ„˘ AK-47,Neon Rider,2
,USD,156.32,224.71,197.89,197.31,19,False,True,StatTrakâ„˘ AK-47,Neon Rider,3
,USD,47.6,62.4,56.54,57.77,13,False,True,StatTrakâ„˘ AK-47,Orbit Mk01,2
,USD,58.03,82.97,68.88,66.71,12,False,True,StatTrakâ„˘ AK-47,Orbit Mk01,3
,USD,25.24,36.9,32.52,33.47,10,False,True,StatTrakâ„˘ AK-47,Point Disarray,2
,USD,38.74,69.09,51.39,50.74,10,False,True,StatTrakâ„˘ AK-47,Point Disarray,3
,USD,30.49,30.49,30.49,30.49,1,False,True,StatTrakâ„˘ AK-47,Point Disarray,1
,USD,160.19,202.7,175.76,168.32,5,False,True,StatTrakâ„˘ AK-47,Red Laminate,2
,USD,189.89,189.89,189.89,189.89,1,False,True,StatTrakâ„˘ AK-47,Red Laminate,3
,USD,51.07,928.52,97.67,75.34,78,False,True,StatTrakâ„˘ AK-47,Redline,2
,USD,299.31,522.29,372.72,329.02,5,False,True,StatTrakâ„˘ AK-47,Redline,3
,USD,83.16,99.99,91.2,90.82,4,False,True,StatTrakâ„˘ AK-47,The Empress,0
,USD,90.81,133.75,116.25,118.04,20,False,True,StatTrakâ„˘ AK-47,The Empress,2
,USD,144.54,208.92,179.84,183.82,19,False,True,StatTrakâ„˘ AK-47,The Empress,3
,USD,75.84,103.3,91.41,88.78,11,False,True,StatTrakâ„˘ AK-47,The Empress,1
,USD,303.82,522.29,406.87,375.2,8,False,True,StatTrakâ„˘ AK-47,Vulcan,2
,USD,843.76,1748.58,1053.01,910.92,5,False,True,StatTrakâ„˘ AK-47,Vulcan,3
,USD,232.13,259.36,244.63,242.4,3,False,True,StatTrakâ„˘ AK-47,Vulcan,1
,USD,130.98,737.01,290.17,156.99,15,False,True,StatTrakâ„˘ AWP,Asiimov,0
,USD,23.21,34.82,26.9,24.79,4,True,False,Souvenir AWP,Pink DDPAT,1
,USD,189.87,301.37,257.95,265.02,16,False,True,StatTrakâ„˘ AWP,Asiimov,2
,USD,159.03,609.34,208.92,183.59,17,False,True,StatTrakâ„˘ AWP,Asiimov,1
,USD,40.37,52.23,46.43,47.99,5,False,True,StatTrakâ„˘ AWP,Corticera,3
,USD,9.81,34.82,20.98,18.34,3,True,False,Souvenir M4A4,Urban DDPAT,2
,USD,58.03,77.62,69.07,69.45,6,False,True,StatTrakâ„˘ AWP,Electric Hive,3
,USD,23.21,23.21,23.21,23.21,1,False,True,StatTrakâ„˘ AWP,Elite Build,0
,USD,25.36,37.14,28.82,27.73,9,False,True,StatTrakâ„˘ AWP,Elite Build,2
,USD,40.62,56.87,49.18,49.22,6,False,True,StatTrakâ„˘ AWP,Elite Build,3
,USD,28.48,48.71,35.57,34.75,24,False,True,StatTrakâ„˘ AWP,Fever Dream,4
,USD,18.29,25.46,22.35,22.46,14,False,True,StatTrakâ„˘ AWP,Fever Dream,2
,USD,21.05,28.99,25.81,27.0,16,False,True,StatTrakâ„˘ AWP,Fever Dream,3
,USD,99.98,152.05,137.0,143.91,15,False,True,StatTrakâ„˘ AWP,Hyper Beast,3
,USD,17.41,26.15,21.92,22.28,20,False,True,StatTrakâ„˘ AWP,Mortis,4
,USD,5.48,8.37,7.09,7.08,41,False,True,StatTrakâ„˘ AWP,Mortis,2
,USD,8.7,12.74,10.67,10.48,35,False,True,StatTrakâ„˘ AWP,Mortis,3
,USD,8.12,9.69,9.03,9.16,4,False,True,StatTrakâ„˘ AWP,Mortis,1
,USD,754.93,889.95,822.45,822.44,2,False,True,StatTrakâ„˘ AWP,Oni Taiji,4
,USD,12.12,139.28,20.96,15.22,25,False,True,StatTrakâ„˘ AWP,PAW,4
,USD,4.98,24.94,8.09,6.66,12,False,True,StatTrakâ„˘ AWP,PAW,2
,USD,6.96,15.13,9.23,9.12,17,False,True,StatTrakâ„˘ AWP,PAW,3
,USD,7.82,17.41,9.85,9.32,18,False,True,StatTrakâ„˘ AWP,Phobos,4
,USD,4.83,6.84,5.83,5.97,12,False,True,StatTrakâ„˘ AWP,Phobos,2
,USD,5.23,7.66,6.67,6.8100000000000005,19,False,True,StatTrakâ„˘ AWP,Phobos,3
,USD,69.92,220.52,107.98,82.5,11,False,True,StatTrakâ„˘ AWP,Redline,2
,USD,8.16,22.04,10.94,10.26,32,False,True,StatTrakâ„˘ AWP,Worm God,4
,USD,4.04,6.62,5.83,6.0,21,False,True,StatTrakâ„˘ AWP,Worm God,2
,USD,5.44,48.63,9.17,6.85,31,False,True,StatTrakâ„˘ AWP,Worm God,3
,USD,60.76,60.91,60.84,60.84,2,False,True,StatTrakâ„˘ AWP,Hyper Beast,0
,USD,333.3,333.3,333.3,333.3,1,False,True,StatTrakâ„˘ AWP,Oni Taiji,2
,USD,7.11,7.11,7.11,7.11,1,False,True,StatTrakâ„˘ AWP,Worm God,1
,USD,354.33,394.62,374.48,374.47,2,False,True,StatTrakâ„˘ AK-47,Jaguar,3
,USD,34.82,36.7,35.76,35.76,2,False,True,StatTrakâ„˘ AK-47,Redline,0
,USD,239.16,335.29,277.89,259.23,3,False,True,StatTrakâ„˘ M4A4,Bullet Rain,4
,USD,80.53,80.53,80.53,80.53,1,False,True,StatTrakâ„˘ M4A4,Bullet Rain,2
,USD,69.77,111.41,93.86,91.75,25,False,True,StatTrakâ„˘ M4A4,Buzz Kill,2
,USD,110.91,174.09,136.03,137.24,16,False,True,StatTrakâ„˘ M4A4,Buzz Kill,3
,USD,69.64,86.5,78.08,78.07,2,False,True,StatTrakâ„˘ M4A4,Desert-Strike,4
,USD,26.53,47.62,32.14,31.69,52,False,True,StatTrakâ„˘ M4A4,Desolate Space,2
,USD,39.57,89.66,51.07,50.28,48,False,True,StatTrakâ„˘ M4A4,Desolate Space,3
,USD,17.25,49.88,26.18,25.58,24,False,True,StatTrakâ„˘ M4A4,Evil Daimyo,4
,USD,6.8,12.45,9.33,9.25,29,False,True,StatTrakâ„˘ M4A4,Evil Daimyo,2
,USD,10.88,23.04,15.88,15.62,43,False,True,StatTrakâ„˘ M4A4,Evil Daimyo,3
,USD,3.69,115.95,14.29,3.93,28,False,True,StatTrakâ„˘ M4A4,Faded Zebra,2
,USD,30.18,42.99,36.34,36.42,10,False,True,StatTrakâ„˘ M4A4,Griffin,4
,USD,8.12,11.5,10.4,10.7,7,False,True,StatTrakâ„˘ M4A4,Griffin,2
,USD,9.29,17.76,14.04,14.17,20,False,True,StatTrakâ„˘ M4A4,Griffin,3
,USD,120.1,179.26,140.72,131.76,4,False,True,StatTrakâ„˘ M4A4,Hellfire,2
,USD,172.07,203.38,190.73,193.57,10,False,True,StatTrakâ„˘ M4A4,Hellfire,3
,USD,23.21,31.58,28.12,28.59,13,False,True,StatTrakâ„˘ M4A4,Neo-Noir,0
,USD,150.88,190.01,167.96,166.19,8,False,True,StatTrakâ„˘ M4A4,Neo-Noir,4
,USD,33.81,49.91,40.44,40.1,48,False,True,StatTrakâ„˘ M4A4,Neo-Noir,2
,USD,55.55,84.53,73.59,75.13,36,False,True,StatTrakâ„˘ M4A4,Neo-Noir,3
,USD,26.76,38.5,31.99,32.57,14,False,True,StatTrakâ„˘ M4A4,Neo-Noir,1
,USD,64.13,78.12,71.12,71.12,2,False,True,StatTrakâ„˘ M4A4,Royal Paladin,2
,USD,132.91,336.15,184.64,148.19,6,False,True,StatTrakâ„˘ M4A4,Royal Paladin,3
,USD,36.42,47.89,42.0,41.63,9,False,True,StatTrakâ„˘ M4A4,The Battlestar,2
,USD,127.5,187.69,164.1,170.62,4,False,True,StatTrakâ„˘ M4A4,X-Ray,4
,USD,28.73,143.56,86.14,86.14,2,False,True,StatTrakâ„˘ M4A4,Zirka,2
,USD,17.58,28.35,24.52,27.62,3,False,True,StatTrakâ„˘ M4A4,éľŤçŽ‹,Dragon King
,USD,28.06,39.45,32.81,31.34,15,False,True,StatTrakâ„˘ M4A4,éľŤçŽ‹,Dragon King
,USD,45.27,66.02,58.25,57.68,26,False,True,StatTrakâ„˘ M4A4,éľŤçŽ‹,Dragon King
,USD,3191.79,3191.79,3191.79,3191.79,1,False,True,StatTrakâ„˘ AK-47,Fire Serpent,3
,USD,133.71,133.71,133.71,133.71,1,False,True,StatTrakâ„˘ AWP,Man-o'-war,2
,USD,95.9,95.9,95.9,95.9,1,False,True,StatTrakâ„˘ M4A4,Bullet Rain,3
,USD,76.23,79.73,77.98,77.97,2,False,True,StatTrakâ„˘ M4A4,Buzz Kill,1
,USD,95.3,95.3,95.3,95.3,1,False,True,StatTrakâ„˘ M4A4,Faded Zebra,4
,USD,0.19,0.81,0.23,0.19,28,False,False,M4A4,Magnesium,0
,USD,0.02,0.06,0.05,0.05,5,False,False,M4A4,Mainframe,0
,USD,93.21,104.46,98.84,98.84,2,False,False,AWP,Man-o'-war,2
,USD,33.59,55.71,42.83,42.34,188,False,False,AK-47,Asiimov,2
,USD,0.27,0.72,0.34,0.27,61,False,False,M4A4,Magnesium,2
,USD,0.65,4.31,1.15,1.21,96,False,False,M4A4,Magnesium,3
,USD,0.49,1.42,0.78,0.78,94,False,False,AWP,Acheron,2
,USD,34.82,49.86,42.41,42.02,78,False,False,AWP,Neo-Noir,2
,USD,2.32,6.87,3.18,3.09,62,False,False,AK-47,Safety Net,2
,USD,0.51,0.78,0.65,0.7000000000000001,7,False,True,StatTrakâ„˘ M4A4,Magnesium,0
,USD,0.7000000000000001,1.16,0.87,0.79,8,False,True,StatTrakâ„˘ M4A4,Magnesium,1
,USD,0.13,0.78,0.26,0.21,14,False,False,M4A4,Magnesium,1
,USD,4.0,11.21,6.07,5.8,59,False,False,M4A4,Magnesium,4
,USD,0.96,9.24,1.9,1.67,36,False,True,StatTrakâ„˘ M4A4,Magnesium,2
,USD,23.15,36.01,29.46,28.85,72,False,False,AK-47,Safety Net,4
,USD,100.93,315.4,121.17,114.9,37,False,False,AWP,Man-o'-war,3
,USD,42.42,187.91,62.01,59.85,91,False,False,AWP,Neo-Noir,4
,USD,0.36,1.71,0.68,0.63,33,True,False,Souvenir M4A4,Mainframe,2
,USD,1.38,1.38,1.38,1.38,1,True,False,Souvenir M4A4,Mainframe,0
,USD,3.19,10.43,4.28,4.1,73,False,True,StatTrakâ„˘ M4A4,Magnesium,3
,USD,17.18,19.95,18.42,18.3,5,True,False,Souvenir AK-47,Safety Net,2
,USD,0.06,0.09,0.08,0.08,23,False,False,M4A4,Mainframe,3
,USD,1.58,3.59,2.05,1.97,160,False,False,AWP,Acheron,3
,USD,42.82,138.76,60.24,58.73,182,False,False,AK-47,Asiimov,3
,USD,2.29,5.1,2.9,2.9,42,False,True,StatTrakâ„˘ AK-47,Uncharted,2
,USD,35.98,55.03,46.55,46.61,102,False,False,AWP,Neo-Noir,3
,USD,35.21,46.43,39.98,38.3,3,True,False,Souvenir AK-47,Safety Net,4
,USD,4.06,7.57,5.36,5.36,348,False,False,AWP,Atheris,2
,USD,3.48,4.84,4.28,4.28,85,False,False,AWP,Atheris,1
,USD,0.5,25.53,2.01,0.65,24,False,False,AWP,Acheron,0
,USD,0.5,0.78,0.67,0.7000000000000001,6,False,False,AK-47,Uncharted,0
,USD,0.42,1.18,0.71,0.71,51,False,False,AK-47,Uncharted,2
,USD,10.21,40.65,17.28,16.13,118,False,False,AWP,Acheron,4
,USD,2.02,85.97,4.45,2.9699999999999998,202,False,False,M4A4,Converter,4
,USD,57.34,86.72,72.7,72.77,22,False,True,StatTrakâ„˘ M4A4,The Emperor,2
,USD,59.15,59.15,59.15,59.15,1,False,True,StatTrakâ„˘ M4A4,The Emperor,1
,USD,2.77,24.36,4.6,4.02,47,False,False,AWP,Atheris,0
,USD,0.31,2.32,0.49,0.49,143,False,False,M4A4,Mainframe,4
,USD,0.77,11.5,1.65,1.01,39,False,False,M4A4,Converter,2
,USD,0.78,3.44,1.1400000000000001,1.04,41,False,False,AK-47,Uncharted,3
,USD,1.03,4.41,1.57,1.42,64,False,False,M4A4,Converter,3
,USD,1.74,10.33,3.84,3.49,36,False,True,StatTrakâ„˘ AK-47,Uncharted,3
,USD,102.64,195.04,123.44,119.76,33,False,True,StatTrakâ„˘ AK-47,Asiimov,3
,USD,41.55,103.3,52.3,51.3,211,False,False,AWP,Atheris,4
,USD,5.43,32.5,10.4,9.99,70,False,True,StatTrakâ„˘ AWP,Atheris,2
,USD,2.63,8.01,3.8,3.55,45,False,False,AK-47,Uncharted,4
,USD,6.37,58.03,9.39,9.24,386,False,False,AWP,Atheris,3
,USD,57.73,79.98,74.17,75.64,19,False,True,StatTrakâ„˘ AWP,Neo-Noir,3
,USD,36.24,162.93,58.57,57.25,124,False,False,M4A4,The Emperor,2
,USD,69.31,118.37,85.83,85.81,145,False,False,M4A4,The Emperor,3
,USD,2.4,4.67,3.33,3.13,4,False,True,StatTrakâ„˘ AK-47,Uncharted,0
,USD,6.23,9.38,7.79,7.79,22,False,True,StatTrakâ„˘ AWP,Atheris,1
,USD,34.82,51.31,41.2,41.37,15,False,False,AK-47,Asiimov,0
,USD,38.41,69.64,43.51,40.76,11,False,False,AWP,Neo-Noir,1
,USD,6.31,31.8,9.91,8.93,15,False,True,StatTrakâ„˘ AWP,Atheris,0
,USD,3.41,9.29,4.9,4.8100000000000005,66,False,False,AK-47,Safety Net,3
,USD,57.49,88.19,72.01,71.01,32,False,True,StatTrakâ„˘ AK-47,Asiimov,2
,USD,46.43,173.98,59.55,55.65,25,False,True,StatTrakâ„˘ AWP,Neo-Noir,2
,USD,40.65,60.35,47.62,47.52,28,False,True,StatTrakâ„˘ AWP,Atheris,4
,USD,40.62,40.62,40.62,40.62,1,False,False,AWP,Neo-Noir,0
,USD,232.13,406.23,268.96,255.18,14,False,False,M4A4,The Emperor,4
,USD,15.09,45.44,19.7,19.36,78,False,True,StatTrakâ„˘ AWP,Atheris,3
,USD,5.57,6.91,6.14,6.04,7,True,False,Souvenir M4A4,Converter,3
,USD,1.9,13.93,3.33,2.25,15,True,False,Souvenir M4A4,Mainframe,4
,USD,50.34,57.07,53.54,54.31,11,False,False,M4A4,The Emperor,0
,USD,7715.93,8483.59,8099.76,8099.76,2,False,False,AWP,Gungnir,2
,USD,3.45,3.85,3.69,3.77,3,False,False,AK-47,Safety Net,1
,USD,1.13,1.56,1.27,1.2,4,False,False,AK-47,Uncharted,1
,USD,4.79,15.09,7.27,6.65,20,False,True,StatTrakâ„˘ AK-47,Uncharted,4
,USD,38.27,47.28,41.96,41.38,12,False,False,AK-47,Asiimov,1
,USD,13.56,38.22,19.13,17.64,23,False,True,StatTrakâ„˘ M4A4,Magnesium,4
,USD,87.81,114.47,98.14,95.93,28,False,True,StatTrakâ„˘ AWP,Neo-Noir,4
,USD,0.92,1.03,0.9500000000000001,0.92,3,False,False,M4A4,Converter,1
,USD,109.89,174.09,133.56,135.34,12,False,True,StatTrakâ„˘ AWP,Man-o'-war,3
,USD,7.66,9.73,8.61,8.46,3,True,False,Souvenir AWP,Acheron,2
,USD,371.51,493.21,423.37,414.39,4,False,False,AK-47,Asiimov,4
,USD,9.52,11.34,10.31,10.07,8,True,False,Souvenir AWP,Acheron,3
,USD,0.78,1.24,1.08,1.1400000000000001,12,True,False,Souvenir M4A4,Mainframe,3
,USD,2.81,3.27,3.09,3.13,4,False,False,AK-47,Safety Net,0
,USD,5.57,8.09,6.55,6.27,4,False,False,AK-47,Baroque Purple,0
,USD,142.49,179.88,159.19,157.23,26,False,True,StatTrakâ„˘ M4A4,The Emperor,3
,USD,77.37,79.55,78.46,78.46,2,False,True,StatTrakâ„˘ AWP,Wildfire,1
,USD,103.07,113.57,107.19,104.93,3,False,True,StatTrakâ„˘ AWP,Containment Breach,1
,USD,106.57,106.57,106.57,106.57,1,False,True,StatTrakâ„˘ AWP,Containment Breach,0
,USD,1.37,1.51,1.44,1.43,3,False,False,AWP,Acheron,1
,USD,62.72,65.98,64.36,64.35,2,False,True,StatTrakâ„˘ AK-47,Asiimov,0
,USD,6.87,6.87,6.87,6.87,1,False,False,Sealed Graffiti,Recoil AWP,Shark White
,USD,3.62,5.9,4.34,4.04,7,True,False,Souvenir M4A4,Converter,2
,USD,64.9,117.75,81.22,80.71,130,False,False,AWP,Wildfire,3
,USD,35.93,73.39,48.77,47.58,156,False,False,AWP,Wildfire,2
,USD,81.2,114.87,92.71,92.84,11,False,True,StatTrakâ„˘ AWP,Wildfire,2
,USD,9.06,9.06,9.06,9.06,1,True,False,Souvenir M4A4,Converter,1
,USD,125.08,191.28,163.27,163.59,20,False,True,StatTrakâ„˘ AWP,Wildfire,3
,USD,40.87,50.2,44.79,44.41,7,False,False,AWP,Wildfire,1
,USD,176.8,235.64,206.75,208.91,27,False,False,AWP,Wildfire,4
,USD,3.66,5.8,4.76,4.8100000000000005,9,False,False,AK-47,Rat Rod,1
,USD,95.17,120.36,109.74,109.8,7,False,False,M4A4,Dark Blossom,4
,USD,3.46,6.64,4.85,4.93,39,False,False,AK-47,Rat Rod,2
,USD,1.31,1.37,1.35,1.35,2,True,False,Souvenir M4A4,Mainframe,1
,USD,8.19,13.44,9.69,9.29,26,False,False,AK-47,Rat Rod,3
,USD,5.79,5.79,5.79,5.79,1,False,False,Sticker,Hello AK-47,Gold
,USD,9.87,15.43,12.78,13.01,11,False,False,AK-47,Baroque Purple,3
,USD,7075.16,7075.16,7075.16,7075.16,1,False,False,AWP,Gungnir,1
,USD,5.49,7.32,6.29,6.34,13,False,False,AK-47,Baroque Purple,2
,USD,4.17,6.36,5.11,4.98,12,False,False,AK-47,Rat Rod,0
,USD,65.88,87.25,80.92,82.7,9,False,False,AK-47,Rat Rod,4
,USD,77.59,116.07,95.42,95.2,40,False,False,AWP,Containment Breach,2
,USD,15.72,24.43,17.85,16.75,6,False,False,M4A4,Dark Blossom,2
,USD,20.35,27.29,23.41,23.94,11,False,False,M4A4,Dark Blossom,3
,USD,46.43,65.07,55.4,55.21,21,False,False,AWP,Containment Breach,1
,USD,15.09,21.22,18.19,18.27,9,False,True,StatTrakâ„˘ AK-47,Rat Rod,3
,USD,38.12,55.76,49.58,49.83,10,False,False,AWP,Containment Breach,0
,USD,327.72,348.2,337.27,335.92,3,False,True,StatTrakâ„˘ AWP,Containment Breach,3
,USD,83.53,112.58,100.23,99.69,8,False,False,AK-47,Baroque Purple,4
,USD,12.19,21.77,14.37,13.71,11,False,True,StatTrakâ„˘ AK-47,Rat Rod,2
,USD,5.07,6.38,5.76,5.8,7,False,False,AK-47,Baroque Purple,1
,USD,255.34,377.21,321.36,342.16,13,False,True,StatTrakâ„˘ AWP,Wildfire,4
,USD,1739.06,2471.02,2030.22,1955.39,4,False,False,AWP,The Prince,2
,USD,159.59,278.56,191.19,186.1,28,False,False,AWP,Containment Breach,3
,USD,46.43,60.56,54.42,58.02,5,False,True,StatTrakâ„˘ AK-47,Rat Rod,4
,USD,158.89,243.72,196.59,187.14,3,False,True,StatTrakâ„˘ AWP,Containment Breach,2
,USD,3224.55,3224.55,3224.55,3224.55,1,False,False,AWP,The Prince,4
,USD,1.32,2.5700000000000003,2.07,2.1,51,False,True,StatTrakâ„˘ AWP,Capillary,2
,USD,92.67,92.67,92.67,92.67,1,False,True,StatTrakâ„˘ AK-47,Neon Rider,1
,USD,4.68,9.87,6.01,5.97,161,False,False,AK-47,Phantom Disruptor,2
,USD,23.97,36.92,29.91,30.17,31,False,False,AK-47,Phantom Disruptor,4
,USD,6.57,12.2,9.04,9.03,114,False,False,AK-47,Phantom Disruptor,3
,USD,0.7000000000000001,1.43,1.16,1.18,68,False,False,AWP,Capillary,3
,USD,0.44,1.16,0.66,0.66,64,False,False,AWP,Capillary,2
,USD,4.64,8.11,6.07,5.91,13,False,False,AK-47,Phantom Disruptor,0
,USD,0.52,0.71,0.59,0.59,11,False,False,AWP,Capillary,0
,USD,0.9400000000000001,1.5899999999999999,1.2,1.11,4,False,False,AWP,Capillary,1
,USD,9.23,15.09,11.8,11.61,17,False,False,AWP,Capillary,4
,USD,2.02,9.27,3.37,3.2,53,False,True,StatTrakâ„˘ AWP,Capillary,3
,USD,1.75,2.52,2.21,2.25,9,False,True,StatTrakâ„˘ AWP,Capillary,0
,USD,5.43,7.85,6.69,6.63,8,False,False,AK-47,Phantom Disruptor,1
,USD,11.63,16.92,15.23,15.66,35,False,True,StatTrakâ„˘ AK-47,Phantom Disruptor,2
,USD,16.9,29.78,22.56,22.38,30,False,True,StatTrakâ„˘ AK-47,Phantom Disruptor,3
,USD,1.74,6.3,3.55,3.09,4,False,True,StatTrakâ„˘ AWP,Capillary,1
,USD,29.0,42.8,35.07,35.04,20,False,True,StatTrakâ„˘ AK-47,Phantom Disruptor,4
,USD,9.29,13.21,11.84,13.01,3,False,True,StatTrakâ„˘ AWP,Capillary,4
,USD,12.77,14.03,13.45,13.56,3,False,True,StatTrakâ„˘ AK-47,Phantom Disruptor,0
,USD,4.64,15.72,6.59,6.43,151,False,False,M4A4,Tooth Fairy,3
,USD,2.5300000000000002,6.72,4.03,4.0,244,False,False,M4A4,Tooth Fairy,2
,USD,9.29,19.73,13.08,13.08,55,False,True,StatTrakâ„˘ M4A4,Tooth Fairy,3
,USD,29.94,51.0,39.13,39.16,142,False,False,AK-47,Legion of Anubis,3
,USD,13.35,32.45,19.91,19.52,76,False,False,M4A4,Tooth Fairy,4
,USD,29.02,39.74,35.72,35.96,131,False,False,AK-47,Legion of Anubis,2
,USD,38.3,55.1,46.87,47.34,47,False,True,StatTrakâ„˘ AK-47,Legion of Anubis,3
,USD,5.16,10.53,7.52,7.54,75,False,True,StatTrakâ„˘ M4A4,Tooth Fairy,2
,USD,5.75,8.12,7.08,6.99,11,False,True,StatTrakâ„˘ M4A4,Tooth Fairy,0
,USD,20.26,47.12,26.27,25.55,35,False,True,StatTrakâ„˘ M4A4,Tooth Fairy,4
,USD,15.65,15.65,15.65,15.65,1,False,True,StatTrakâ„˘ AK-47,Phantom Disruptor,1
,USD,57.65,150.76,76.84,71.96,29,False,True,StatTrakâ„˘ AK-47,Legion of Anubis,4
,USD,51.07,232.13,65.33,60.28,40,False,False,AK-47,Legion of Anubis,4
,USD,30.23,46.15,37.25,37.65,27,False,True,StatTrakâ„˘ AK-47,Legion of Anubis,2
,USD,2.69,5.55,3.66,3.83,31,False,False,M4A4,Tooth Fairy,0
,USD,29.99,38.5,35.48,36.07,13,False,False,AK-47,Legion of Anubis,0
,USD,34.53,40.04,36.89,36.75,6,False,False,AK-47,Legion of Anubis,1
,USD,2658.69,2658.69,2658.69,2658.69,1,True,False,Souvenir AWP,Desert Hydra,4
,USD,2.32,4.94,4.11,4.29,11,False,False,M4A4,Tooth Fairy,1
,USD,6.96,9.63,8.32,8.33,4,False,True,StatTrakâ„˘ M4A4,Tooth Fairy,1
,USD,34.9,38.35,37.16,37.7,4,False,True,StatTrakâ„˘ AK-47,Legion of Anubis,0
,USD,21.83,36.03,26.82,26.53,29,False,False,M4A4,Cyber Security,2
,USD,46.24,82.51,60.86,58.93,19,False,False,M4A4,Cyber Security,3
,USD,823.91,1474.03,1078.53,1079.4,17,False,False,AWP,Fade,4
,USD,10.12,18.33,14.93,14.86,36,False,False,AWP,Exoskeleton,3
,USD,1275.8,1275.8,1275.8,1275.8,1,False,False,AWP,Desert Hydra,1
,USD,4.18,9.87,5.91,5.85,83,False,False,AWP,Exoskeleton,2
,USD,18.95,22.41,20.82,21.01,6,False,False,M4A4,Cyber Security,1
,USD,101.08,101.08,101.08,101.08,1,False,True,StatTrakâ„˘ AK-47,Leet Museo,1
,USD,15.02,17.41,16.17,16.24,7,False,False,M4A4,Global Offensive,2
,USD,255.34,330.5,292.92,292.92,2,False,True,StatTrakâ„˘ AK-47,Leet Museo,4
,USD,0.99,1.0,0.99,0.99,4,False,False,,,
,USD,4.5600000000000005,23.2,6.2,5.15,22,False,False,AWP,Exoskeleton,0
,USD,82.29,127.67,99.36,95.24,10,False,False,M4A4,Global Offensive,4
,USD,4.28,5.42,5.08,5.1,18,False,False,AWP,Exoskeleton,1
,USD,8.83,22.05,11.75,11.19,26,False,True,StatTrakâ„˘ AWP,Exoskeleton,2
,USD,18.65,34.82,23.36,21.23,9,False,False,M4A4,Global Offensive,3
,USD,12.7,18.71,16.2,16.25,29,False,True,StatTrakâ„˘ AWP,Exoskeleton,3
,USD,18.57,18.57,18.57,18.57,1,False,False,M4A4,Cyber Security,0
,USD,60.26,85.21,72.12,71.59,6,False,True,StatTrakâ„˘ M4A4,Cyber Security,3
,USD,39.98,46.41,43.03,41.52,7,False,True,StatTrakâ„˘ AWP,Exoskeleton,4
,USD,149.75,232.13,194.64,197.31,11,False,False,M4A4,Cyber Security,4
,USD,50.63,70.63,59.12,58.03,31,False,False,AWP,Exoskeleton,4
,USD,16.5,16.81,16.66,16.66,2,False,False,M4A4,Global Offensive,0
,USD,30.18,30.34,30.26,30.26,2,False,True,StatTrakâ„˘ M4A4,Cyber Security,1
,USD,10.72,12.48,11.57,11.59,5,False,True,StatTrakâ„˘ AWP,Exoskeleton,0
,USD,28.9,38.71,34.62,35.09,9,False,True,StatTrakâ„˘ M4A4,Cyber Security,2
Tier 1,USD,1067.31,1067.31,1067.31,1067.31,1,False,False,AK-47,Case Hardened,0
Tier 1,USD,2650.33,2650.33,2650.33,2650.33,1,False,False,AK-47,Case Hardened,2
,USD,406.23,507.99,476.31,488.42,6,False,False,AK-47,Panthera onca,4
,USD,421.14,603.54,515.15,517.97,4,False,False,AK-47,X-Ray,1
,USD,949.33,1238.43,1098.75,1108.51,3,True,False,Souvenir AWP,Desert Hydra,0
,USD,0.64,0.78,0.71,0.71,3,False,False,,,
,USD,5.66,23.2,8.19,8.02,391,False,False,AK-47,Slate,3
,USD,3.48,18.48,5.06,4.87,401,False,False,AK-47,Slate,2
,USD,20.53,46.43,25.98,25.1,97,False,True,StatTrakâ„˘ AK-47,Slate,3
,USD,3.25,29.02,4.54,4.1,117,False,False,AK-47,Slate,0
,USD,2.77,20.97,4.65,4.36,141,False,False,AK-47,Slate,1
,USD,13.93,76.96,20.28,18.45,210,False,False,AK-47,Slate,4
,USD,25.23,46.36,33.0,33.07,51,False,False,M4A4,In Living Color,2
,USD,24.11,144.16,41.03,26.46,8,False,False,M4A4,In Living Color,0
,USD,10.84,21.67,13.85,13.93,43,False,True,StatTrakâ„˘ AK-47,Slate,1
,USD,28.06,29.7,28.81,28.71,4,False,True,StatTrakâ„˘ M4A4,In Living Color,0
,USD,12.11,34.82,16.39,16.13,110,False,True,StatTrakâ„˘ AK-47,Slate,2
,USD,42.74,62.68,52.3,51.88,38,False,False,M4A4,In Living Color,3
,USD,11.99,15.29,13.72,13.79,23,False,True,StatTrakâ„˘ AK-47,Slate,0
,USD,30.26,30.26,30.26,30.26,1,False,False,M4A4,In Living Color,1
,USD,39.08,100.05,56.59,55.56,47,False,True,StatTrakâ„˘ AK-47,Slate,4
,USD,26.78,51.9,33.9,32.9,28,False,True,StatTrakâ„˘ M4A4,In Living Color,2
,USD,46.43,94.0,62.87,62.16,26,False,True,StatTrakâ„˘ M4A4,In Living Color,3
,USD,117.35,174.1,132.73,131.56,21,False,False,M4A4,In Living Color,4
,USD,116.07,157.08,135.32,133.2,6,False,True,StatTrakâ„˘ M4A4,In Living Color,4
,USD,2.08,2.08,2.08,2.08,1,False,False,Sealed Graffiti,Recoil M4A4,Dust Brown
,USD,101.19,127.22,115.52,116.05,7,False,True,StatTrakâ„˘ AK-47,Leet Museo,2
,USD,290.16,468.73,381.04,352.8,19,False,False,M4A4,The Coalition,2
,USD,13.12,33.94,18.43,17.4,147,False,False,M4A4,Spider Lily,3
,USD,5.8,9.95,6.92,6.92,34,False,False,M4A4,Spider Lily,1
,USD,10.81,15.09,13.34,13.57,48,False,False,AWP,POP AWP,3
,USD,178.18,313.38,254.01,251.36,17,False,False,AK-47,Leet Museo,3
,USD,6.78,15.03,9.52,9.68,144,False,False,M4A4,Spider Lily,2
,USD,118.15,168.29,149.35,155.96,10,False,False,M4A4,The Coalition,0
,USD,154.24,263.78,192.97,189.19,11,False,False,M4A4,The Coalition,1
,USD,395.25,626.75,540.74,550.15,12,False,False,M4A4,The Coalition,3
,USD,2546.97,3945.05,2998.17,2750.32,4,False,False,AK-47,Gold Arabesque,4
,USD,477.94,559.5,525.38,529.36,5,False,False,AK-47,Leet Museo,4
,USD,57.84,86.09,70.87,69.64,65,False,False,AWP,POP AWP,4
,USD,1183.86,1584.14,1387.05,1376.14,12,False,False,AWP,Desert Hydra,2
,USD,88.73,101.32,94.89,94.76,4,False,False,AK-47,Leet Museo,1
,USD,1623.75,1717.76,1670.76,1670.76,2,False,False,M4A4,The Coalition,4
,USD,10.24,16.38,12.67,12.47,12,False,True,StatTrakâ„˘ M4A4,Spider Lily,1
,USD,75.95,150.88,112.17,112.25,24,False,False,AK-47,Green Laminate,4
,USD,115.08,324.98,220.04,220.04,2,False,False,M4A4,Red DDPAT,4
,USD,122.68,229.55,175.9,181.29,26,False,False,AK-47,Leet Museo,2
,USD,23.42,44.2,27.0,25.23,10,False,False,AK-47,Green Laminate,2
,USD,72.63,73.13,72.89,72.89,2,False,False,AK-47,Leet Museo,0
,USD,1310.8,2010.08,1713.51,1799.01,9,False,False,AK-47,Gold Arabesque,2
,USD,11.11,13.17,12.42,12.62,5,False,True,StatTrakâ„˘ M4A4,Spider Lily,0
,USD,31.43,42.24,36.69,37.07,36,False,True,StatTrakâ„˘ M4A4,Spider Lily,3
,USD,12.3,40.62,17.94,17.41,34,False,True,StatTrakâ„˘ M4A4,Spider Lily,2
,USD,22.6,59.02,37.8,37.44,14,False,False,AK-47,Green Laminate,3
,USD,5.07,6.37,5.97,6.07,19,False,False,M4A4,Spider Lily,0
,USD,25.37,71.18,35.6,28.74,6,False,False,M4A4,Red DDPAT,2
,USD,84.34,104.92,94.14,93.66,7,False,True,StatTrakâ„˘ M4A4,Spider Lily,4
,USD,151.75,176.42,161.84,153.33,5,False,True,StatTrakâ„˘ AK-47,Leet Museo,3
,USD,1508.85,2556.52,2068.03,1949.89,5,False,False,AWP,Desert Hydra,4
,USD,69.07,145.08,95.34,92.85,36,False,False,M4A4,Spider Lily,4
,USD,11.21,11.79,11.5,11.5,2,False,True,StatTrakâ„˘ AK-47,Ice Coaled,1
,USD,245.25,313.65,268.88,258.29,4,True,False,Souvenir AK-47,Panthera onca,3
,USD,107.52,129.39,118.46,118.46,2,True,False,Souvenir AK-47,Panthera onca,0
,USD,33.25,33.25,33.25,33.25,1,False,False,AWP,POP AWP,1
,USD,1238.56,1799.01,1467.7,1428.83,8,True,False,Souvenir AK-47,Gold Arabesque,2
,USD,5.44,50.41,17.41,8.32,38,True,False,Souvenir M4A4,Red DDPAT,2
,USD,9.08,69.64,21.12,15.08,58,True,False,Souvenir M4A4,Red DDPAT,3
,USD,35.03,58.02,41.85,39.09,9,True,False,Souvenir AK-47,Green Laminate,4
,USD,16.23,21.05,18.74,18.35,41,True,False,Souvenir AK-47,Green Laminate,2
,USD,20.64,80.08,34.89,29.0,39,True,False,Souvenir M4A4,Red DDPAT,4
,USD,1392.78,1877.65,1706.25,1791.79,6,True,False,Souvenir AWP,Desert Hydra,3
,USD,125.08,169.23,147.9,145.87,6,True,False,Souvenir AK-47,Panthera onca,2
,USD,15.7,34.8,22.28,22.03,19,True,False,Souvenir AK-47,Green Laminate,3
,USD,14.96,20.14,17.76,18.19,3,True,False,Souvenir AK-47,Steel Delta,4
,USD,6.52,8.3,7.42,7.4,2,True,False,Souvenir M4A4,Red DDPAT,1
,USD,1082.76,1125.33,1110.48,1120.03,5,True,False,Souvenir AWP,Desert Hydra,1
,USD,1016.28,1392.78,1141.48,1078.41,4,True,False,Souvenir AK-47,Gold Arabesque,0
Tier 2,USD,302.5,748.7,459.13,326.2,3,False,False,AK-47,Case Hardened,0
Tier 2,USD,1313.28,2785.56,2049.42,2049.42,2,False,False,AK-47,Case Hardened,4
Tier 2,USD,423.25,580.33,493.13,472.27,5,False,False,AK-47,Case Hardened,2
Tier 2,USD,1110.03,1110.03,1110.03,1110.03,1,False,True,StatTrakâ„˘ AK-47,Case Hardened,2
Tier 2,USD,470.68,812.46,629.64,576.63,6,False,False,AK-47,Case Hardened,3
,USD,53.63,89.51,70.16,69.63,134,False,False,AK-47,Nightwish,3
,USD,46.43,64.07,56.21,57.14,87,False,False,AK-47,Nightwish,1
,USD,45.03,80.7,60.04,60.26,171,False,False,AK-47,Nightwish,2
,USD,46.03,65.81,58.08,58.19,31,False,True,StatTrakâ„˘ AK-47,Nightwish,2
,USD,50.45,64.9,58.98,59.87,30,False,False,AK-47,Nightwish,0
,USD,24.55,31.69,28.82,29.19,7,False,True,StatTrakâ„˘ M4A4,Temukau,0
,USD,58.54,86.79,76.88,77.51,44,False,True,StatTrakâ„˘ AK-47,Nightwish,3
,USD,101.55,332.99,133.02,121.38,26,False,False,AK-47,Nightwish,4
,USD,45.03,62.68,53.32,54.28,9,False,True,StatTrakâ„˘ AK-47,Nightwish,1
,USD,130.21,167.98,153.84,156.82,10,False,True,StatTrakâ„˘ AK-47,Nightwish,4
Tier 2,USD,317.7,1664.69,813.56,458.27,3,False,False,AK-47,Case Hardened,1
,USD,23.21,40.39,31.21,31.01,90,False,False,AWP,Chromatic Aberration,2
,USD,2.02,10.43,2.95,2.59,23,False,True,StatTrakâ„˘ M4A4,Poly Mag,4
,USD,0.06,1.82,0.13,0.09,44,False,False,M4A4,Poly Mag,2
,USD,0.24,0.35000000000000003,0.31,0.32,23,False,True,StatTrakâ„˘ M4A4,Poly Mag,3
,USD,0.06,0.09,0.07,0.07,3,False,True,StatTrakâ„˘ M4A4,Poly Mag,0
,USD,3.2800000000000002,4.75,4.18,4.22,38,False,False,AK-47,Ice Coaled,0
,USD,4.64,29.02,8.9,8.83,304,False,False,AK-47,Ice Coaled,3
,USD,8.66,14.15,11.12,11.13,80,False,True,StatTrakâ„˘ AK-47,Ice Coaled,2
,USD,13.92,34.9,19.02,18.88,104,False,False,AK-47,Ice Coaled,4
,USD,3.39,6.93,4.78,4.75,337,False,False,AK-47,Ice Coaled,2
,USD,0.07,0.15,0.1,0.09,6,False,True,StatTrakâ„˘ M4A4,Poly Mag,1
,USD,15.36,29.02,21.19,21.21,72,False,True,StatTrakâ„˘ AK-47,Ice Coaled,3
,USD,0.14,0.26,0.21,0.21,44,False,False,M4A4,Poly Mag,3
,USD,0.06,0.09,0.08,0.07,6,False,False,M4A4,Poly Mag,1
,USD,36.08,68.08,44.6,43.79,90,False,False,AWP,Chromatic Aberration,3
,USD,4.64,7.17,5.63,5.44,10,False,False,AK-47,Ice Coaled,1
,USD,1.6099999999999999,6.95,3.09,2.79,33,False,False,M4A4,Poly Mag,4
,USD,54.1,63.79,59.7,60.35,13,False,True,StatTrakâ„˘ AWP,Chromatic Aberration,4
,USD,21.46,35.72,26.73,26.85,57,False,True,StatTrakâ„˘ AWP,Chromatic Aberration,2
,USD,33.84,139.28,45.31,43.2,31,False,True,StatTrakâ„˘ AK-47,Ice Coaled,4
,USD,10.6,10.86,10.7,10.63,3,False,True,StatTrakâ„˘ AK-47,Ice Coaled,0
,USD,29.02,46.43,36.35,36.03,41,False,True,StatTrakâ„˘ AWP,Chromatic Aberration,3
,USD,24.78,29.98,26.76,25.55,3,False,False,AWP,Chromatic Aberration,0
,USD,58.33,203.36,82.12,76.7,45,False,False,AWP,Chromatic Aberration,4
,USD,29.78,30.76,30.27,30.27,2,False,False,AWP,Chromatic Aberration,1
,USD,19.08,28.78,23.18,23.07,6,False,True,StatTrakâ„˘ AWP,Chromatic Aberration,0
,USD,29.04,29.04,29.04,29.04,1,False,True,StatTrakâ„˘ AWP,Chromatic Aberration,1
,USD,2.32,6.57,3.64,3.61,297,False,False,AWP,Duality,2
,USD,42.12,70.85,53.47,52.23,75,False,False,AK-47,Head Shot,3
,USD,12.64,40.62,17.79,16.68,74,False,False,AWP,Duality,4
,USD,20.3,45.47,31.95,31.43,112,False,False,AK-47,Head Shot,2
,USD,26.94,79.41,38.61,37.87,120,False,True,StatTrakâ„˘ M4A4,Temukau,2
,USD,112.14,198.69,134.21,133.16,60,False,False,M4A4,Temukau,4
,USD,22.01,58.35,36.0,35.39,283,False,False,M4A4,Temukau,2
,USD,4.64,14.91,6.45,6.24,220,False,False,AWP,Duality,3
,USD,81.72,150.87,100.87,95.3,55,False,True,StatTrakâ„˘ M4A4,Temukau,3
,USD,5.32,8.84,6.72,6.85,75,False,True,StatTrakâ„˘ AWP,Duality,2
,USD,2.33,5.0,3.38,3.46,48,False,False,AWP,Duality,0
,USD,9.26,13.92,11.86,11.77,68,False,True,StatTrakâ„˘ AWP,Duality,3
,USD,51.06,126.51,66.87,65.59,232,False,False,M4A4,Temukau,3
,USD,23.54,33.43,28.9,28.45,43,False,False,AK-47,Head Shot,1
,USD,24.39,31.59,28.68,28.76,20,False,True,StatTrakâ„˘ AK-47,Head Shot,1
,USD,187.17,337.74,234.79,225.56,15,False,True,StatTrakâ„˘ M4A4,Temukau,4
,USD,22.76,31.92,28.01,28.39,22,False,False,M4A4,Temukau,0
,USD,2.9,4.22,3.55,3.55,14,False,False,AWP,Duality,1
,USD,23.21,31.34,27.5,27.45,36,False,False,AK-47,Head Shot,0
,USD,88.86,303.5,137.91,117.23,12,False,False,AK-47,Head Shot,4
,USD,27.28,104.46,34.29,33.66,82,False,True,StatTrakâ„˘ AK-47,Head Shot,2
,USD,23.21,30.17,27.47,27.51,16,False,True,StatTrakâ„˘ AK-47,Head Shot,0
,USD,5.35,7.0,6.38,6.59,14,False,True,StatTrakâ„˘ AWP,Duality,0
,USD,114.93,196.03,145.88,138.65,6,False,True,StatTrakâ„˘ AK-47,Head Shot,4
,USD,21.99,74.65,29.11,28.24,31,False,True,StatTrakâ„˘ AWP,Duality,4
,USD,43.25,70.79,53.1,52.16,68,False,True,StatTrakâ„˘ AK-47,Head Shot,3
,USD,23.83,35.93,29.6,29.32,4,False,True,StatTrakâ„˘ M4A4,Temukau,1
,USD,1.78,4.98,2.45,2.45,49,False,False,AK-47,Steel Delta,2
,USD,580.33,847.26,704.75,707.64,9,False,False,M4A4,Eye of Horus,3
,USD,2.41,6.55,3.46,3.18,30,False,False,AK-47,Steel Delta,0
,USD,2.76,5.8,3.84,3.73,180,False,False,AWP,Black Nile,2
,USD,2.69,5.59,4.48,4.69,40,False,False,AK-47,Steel Delta,3
,USD,4.33,11.79,6.73,6.53,180,False,False,AWP,Black Nile,3
,USD,29.02,50.19,36.4,36.33,77,False,False,AWP,Black Nile,4
,USD,335.43,615.14,418.65,426.13,19,False,False,M4A4,Eye of Horus,2
,USD,17.41,30.77,25.67,25.53,57,False,False,AK-47,Steel Delta,4
,USD,159.32,239.09,190.58,181.55,6,False,False,M4A4,Eye of Horus,0
,USD,2.54,95.17,7.2,4.46,43,False,False,AWP,Black Nile,0
,USD,2.65,3.46,3.05,3.05,2,False,False,AK-47,Steel Delta,1
,USD,12.92,20.88,17.14,17.4,20,True,False,Souvenir AWP,Black Nile,3
,USD,8.66,19.72,11.69,10.57,7,True,False,Souvenir AWP,Black Nile,0
,USD,7.54,12.07,9.62,9.19,16,True,False,Souvenir AWP,Black Nile,2
,USD,6.01,8.08,7.52,7.75,7,True,False,Souvenir AK-47,Steel Delta,3
,USD,27.86,31.92,29.89,29.89,2,True,False,Souvenir AWP,Black Nile,4
,USD,254.83,329.14,300.24,304.45,8,False,False,AWP,CMYK,2
,USD,447.26,447.26,447.26,447.26,1,False,False,AWP,CMYK,3
,USD,2.25,2.5300000000000002,2.38,2.37,6,False,False,AK-47,Crossfade,0
,USD,23.97,31.34,26.92,26.21,6,False,True,StatTrakâ„˘ M4A4,Turbine,4
,USD,4.29,5.33,4.78,4.74,3,False,True,StatTrakâ„˘ M4A4,Turbine,1
,USD,0.81,2.09,1.49,1.3900000000000001,23,False,True,StatTrakâ„˘ M4A4,Etch Lord,2
,USD,0.31,2.76,0.55,0.5,36,False,False,M4A4,Etch Lord,0
,USD,50.08,104.46,70.76,70.2,330,False,False,AK-47,Inheritance,3
,USD,0.34,0.8,0.51,0.52,76,False,False,M4A4,Etch Lord,2
,USD,2.01,6.92,3.06,2.89,66,False,True,StatTrakâ„˘ M4A4,Etch Lord,3
,USD,0.8,1.69,1.2,1.18,110,False,False,M4A4,Etch Lord,3
,USD,52.19,89.37,70.54,69.64,29,False,True,StatTrakâ„˘ AWP,Chrome Cannon,3
,USD,32.67,51.59,39.71,39.46,168,False,False,AWP,Chrome Cannon,3
,USD,21.38,34.81,28.69,28.98,155,False,False,AWP,Chrome Cannon,2
,USD,0.88,1.85,1.2,1.09,13,False,True,StatTrakâ„˘ M4A4,Etch Lord,1
,USD,0.62,3.5300000000000002,1.49,1.45,26,False,True,StatTrakâ„˘ M4A4,Etch Lord,0
,USD,0.28,0.52,0.42,0.42,37,False,False,M4A4,Etch Lord,1
,USD,30.94,66.57,47.38,46.96,664,False,False,AK-47,Inheritance,2
,USD,5.44,9.08,7.25,7.27,61,False,False,M4A4,Etch Lord,4
,USD,90.59,216.24,118.48,101.61,15,False,False,AWP,Chrome Cannon,4
,USD,73.69,142.67,93.73,91.44,76,False,True,StatTrakâ„˘ AK-47,Inheritance,2
,USD,144.58,194.95,163.9,166.62,45,False,True,StatTrakâ„˘ AK-47,Inheritance,3
,USD,21.52,35.53,26.44,26.69,76,False,False,AWP,Chrome Cannon,1
,USD,34.29,46.43,40.58,40.99,110,False,False,AK-47,Inheritance,0
,USD,36.84,48.42,43.57,43.95,22,False,True,StatTrakâ„˘ AWP,Chrome Cannon,2
,USD,20.24,29.02,25.42,25.43,54,False,False,AWP,Chrome Cannon,0
,USD,301.17,511.86,351.61,333.48,12,False,True,StatTrakâ„˘ AK-47,Inheritance,4
,USD,118.77,258.01,150.28,149.33,65,False,False,AK-47,Inheritance,4
,USD,32.59,51.22,44.49,45.06,25,False,False,AK-47,Inheritance,1
,USD,8.83,23.21,11.39,10.74,25,False,True,StatTrakâ„˘ M4A4,Etch Lord,4
,USD,25.28,34.82,31.48,32.5,11,False,True,StatTrakâ„˘ AWP,Chrome Cannon,1
,USD,65.54,91.78,78.91,76.54,11,False,True,StatTrakâ„˘ AK-47,Inheritance,0
,USD,80.14,89.99,87.07,87.92,6,False,True,StatTrakâ„˘ AK-47,Inheritance,1
,USD,156.86,252.51,195.57,186.46,4,False,True,StatTrakâ„˘ AWP,Chrome Cannon,4
,USD,0.64,5.36,1.03,0.92,244,False,False,AK-47,Olive Polycam,4
,USD,0.07,0.19,0.09,0.09,185,False,False,AK-47,Olive Polycam,2
,USD,0.08,1.2,0.19,0.12,25,False,False,AK-47,Olive Polycam,1
,USD,0.14,0.88,0.21,0.2,158,False,False,AK-47,Olive Polycam,3
,USD,1.92,1.92,1.92,1.92,1,True,False,,,
,USD,0.06,0.34,0.12,0.1,137,False,False,,,
,USD,2.17,3.83,2.58,2.5,111,False,False,AK-47,Crossfade,2
,USD,1.03,2.38,1.35,1.27,33,False,False,M4A4,Turbine,2
,USD,16.3,24.08,20.51,20.44,29,False,True,StatTrakâ„˘ AK-47,The Outsiders,2
,USD,2.68,8.8,3.98,3.93,42,False,False,M4A4,Turbine,3
,USD,18.77,29.02,23.61,22.93,15,False,False,M4A4,Turbine,4
,USD,5.8,31.36,8.76,8.64,112,False,False,AK-47,The Outsiders,2
,USD,6.87,9.26,7.5600000000000005,7.31,12,False,False,AK-47,The Outsiders,0
,USD,0.81,1.53,1.04,0.9500000000000001,8,False,False,M4A4,Turbine,0
,USD,11.61,20.32,16.74,16.32,54,False,False,AK-47,The Outsiders,3
,USD,23.21,65.81,32.97,32.93,220,False,False,AWP,Crakow!,2
,USD,0.07,0.23,0.12,0.09,17,False,False,AK-47,Olive Polycam,0
,USD,430.64,522.29,476.47,476.47,2,True,False,Souvenir M4A4,Eye of Horus,2
,USD,15.32,23.1,19.15,19.59,7,False,True,StatTrakâ„˘ AK-47,The Outsiders,1
,USD,6.13,10.02,7.65,7.38,14,False,False,AK-47,The Outsiders,1
,USD,12.41,19.29,14.98,14.94,24,False,False,M4A4,Polysoup,2
,USD,7.18,10.45,8.84,8.94,22,False,True,StatTrakâ„˘ M4A4,Turbine,3
,USD,3.08,12.8,3.86,3.7800000000000002,82,False,False,AK-47,Crossfade,3
,USD,49.97,93.18,66.63,65.95,103,False,False,AWP,Crakow!,3
,USD,522.29,910.48,684.1,680.14,10,False,False,AK-47,B the Monster,4
,USD,18.14,51.32,24.97,23.05,36,False,False,M4A4,Polysoup,3
,USD,345.57,345.57,345.57,345.57,1,True,False,Souvenir AWP,LongDog,3
,USD,113.43,276.79,172.84,172.9,131,False,False,AK-47,B the Monster,2
,USD,5.43,15.09,7.6,7.49,78,False,False,AK-47,Crossfade,4
,USD,19.01,38.3,24.8,24.51,78,False,False,AWP,Crakow!,1
,USD,228.83,408.7,290.55,289.5,81,False,False,AK-47,B the Monster,3
,USD,3.61,11.61,5.5,5.13,76,False,False,,,
,USD,2.68,4.06,3.38,3.4,24,False,True,StatTrakâ„˘ M4A4,Turbine,2
,USD,64.11,103.3,82.24,80.96,12,False,False,AK-47,The Outsiders,4
,USD,35.41,55.7,42.53,40.88,32,False,False,M4A4,Polysoup,4
,USD,104.46,223.09,165.5,174.47,23,False,False,AWP,Crakow!,4
,USD,25.16,42.74,35.05,34.67,17,False,True,StatTrakâ„˘ AK-47,The Outsiders,3
,USD,18.58,45.72,24.07,23.25,31,False,False,AWP,Crakow!,0
,USD,3.44,3.44,3.44,3.44,1,False,True,StatTrakâ„˘ M4A4,Turbine,0
,USD,1.74,2.7199999999999998,2.33,2.55,5,False,False,AK-47,Crossfade,1
,USD,1102.62,1161.81,1132.21,1132.21,2,False,False,AWP,CMYK,4
,USD,15.66,19.73,17.7,17.69,2,False,True,StatTrakâ„˘ AK-47,The Outsiders,0
,USD,74.0,135.69,89.37,87.19,27,False,False,AK-47,B the Monster,0
,USD,112.12,174.09,141.38,148.83,8,False,False,AK-47,B the Monster,1
,USD,1.42,1.42,1.42,1.42,1,True,False,,,
,USD,57.46,66.71,61.11,59.14,3,False,True,StatTrakâ„˘ AK-47,The Oligarch,0
,USD,8.84,24.64,12.77,12.34,191,False,False,AWP,Green Energy,2
,USD,3.09,15.67,4.85,4.63,375,False,False,AK-47,Midnight Laminate,2
,USD,0.05,0.63,0.13,0.1,60,False,False,M4A4,Naval Shred Camo,3
,USD,0.02,0.06,0.03,0.03,23,False,False,M4A4,Steel Work,2
,USD,0.52,6.59,1.07,0.8200000000000001,76,False,False,AK-47,VariCamo Grey,4
,USD,0.05,0.1,0.08,0.09,29,False,False,M4A4,Steel Work,3
,USD,17.41,43.42,27.31,26.68,202,False,False,AWP,Green Energy,3
,USD,10.04,37.72,15.02,14.69,190,False,False,AK-47,Nouveau Rouge,2
,USD,8.7,22.05,12.26,11.64,518,False,False,AK-47,Midnight Laminate,3
,USD,0.56,0.58,0.5700000000000001,0.5700000000000001,5,False,False,AWP,Arsenic Spill,1
,USD,9.77,34.7,13.48,11.72,52,False,False,M4A4,Sheet Lightning,4
,USD,0.03,0.05,0.03,0.03,23,False,False,M4A4,Naval Shred Camo,2
,USD,7.63,11.33,9.29,9.0,9,False,False,AK-47,Nouveau Rouge,0
,USD,19.73,114.9,27.7,24.37,194,False,False,AK-47,Midnight Laminate,4
,USD,0.28,4.64,0.8,0.58,146,False,False,M4A4,Naval Shred Camo,4
,USD,0.36,2.83,0.62,0.5,35,False,False,M4A4,Steel Work,4
,USD,2.62,4.87,3.4,3.3,47,False,False,AK-47,Midnight Laminate,0
,USD,2.11,15.91,3.35,3.06,244,False,False,AK-47,Wintergreen,3
,USD,23.83,66.88,40.41,37.95,158,False,False,AK-47,Nouveau Rouge,3
,USD,7.3,20.75,10.68,10.41,65,False,False,AK-47,Nouveau Rouge,1
,USD,0.55,1.28,0.74,0.72,65,False,False,AWP,Arsenic Spill,3
,USD,1.28,8.12,1.92,1.6099999999999999,80,False,False,AWP,Arsenic Spill,4
,USD,0.7000000000000001,5.15,1.02,0.89,114,False,False,AK-47,Wintergreen,2
,USD,0.31,0.59,0.45,0.46,32,False,False,AWP,Arsenic Spill,2
,USD,0.99,2.02,1.29,1.28,102,False,False,M4A4,Sheet Lightning,2
,USD,0.06,0.12,0.08,0.08,5,False,False,AK-47,VariCamo Grey,0
,USD,89.76,220.52,136.93,140.89,25,False,False,AK-47,Nouveau Rouge,4
,USD,3.3,12.77,4.29,4.18,122,False,False,M4A4,Sheet Lightning,3
,USD,51.09,174.1,73.46,68.72,53,False,False,AWP,Green Energy,4
,USD,0.05,0.56,0.09,0.08,33,False,False,AK-47,VariCamo Grey,2
,USD,0.03,0.05,0.03,0.03,3,False,False,M4A4,Naval Shred Camo,0
,USD,0.1,6.95,0.39,0.16,32,False,False,AK-47,VariCamo Grey,3
,USD,4.74,28.73,8.38,7.2,195,False,False,AK-47,Wintergreen,4
,USD,6.31,11.28,8.7,8.8,14,False,False,AWP,Green Energy,0
,USD,0.72,1.65,0.88,0.75,9,False,False,AK-47,Wintergreen,0
,USD,0.06,0.14,0.09,0.08,5,False,False,M4A4,Naval Shred Camo,1
,USD,0.73,1.04,0.93,0.96,7,False,False,M4A4,Sheet Lightning,0
,USD,0.03,0.05,0.05,0.05,2,False,False,M4A4,Steel Work,1
,USD,3.68,5.8100000000000005,4.84,4.79,9,False,False,AK-47,Midnight Laminate,1
,USD,10.09,14.18,11.01,10.46,6,False,False,AWP,Green Energy,1
,USD,13.72,32.32,23.28,23.62,53,False,False,M4A4,Hellish,1
,USD,0.05,0.13,0.08,0.08,30,False,False,M4A4,Choppa,2
,USD,0.05,0.09,0.07,0.07,22,False,False,M4A4,Choppa,1
,USD,0.06,0.09,0.07,0.07,14,False,False,M4A4,Choppa,0
,USD,66.95,139.94,93.4,87.04,45,False,False,M4A4,Hellish,3
,USD,0.17,0.39,0.27,0.28,21,False,True,StatTrakâ„˘ M4A4,Choppa,2
,USD,1.8,5.21,2.61,2.52,102,False,False,M4A4,Choppa,4
,USD,0.09,0.19,0.14,0.14,9,False,True,StatTrakâ„˘ M4A4,Choppa,1
,USD,0.49,11.61,1.17,1.0,78,False,True,StatTrakâ„˘ M4A4,Choppa,3
,USD,58.71,135.62,81.44,81.34,252,False,False,AWP,Printstream,3
,USD,133.47,265.27,194.35,208.91,27,False,False,AWP,LongDog,2
,USD,0.15,0.49,0.29,0.31,130,False,False,M4A4,Choppa,3
,USD,37.15,73.11,51.93,51.41,441,False,False,AWP,Printstream,2
,USD,3.45,8.01,4.76,4.64,264,False,False,AK-47,Searing Rage,2
,USD,265.32,451.49,355.08,359.23,19,False,False,AWP,LongDog,3
,USD,25.53,47.34,43.25,43.76,67,False,False,AWP,Printstream,0
,USD,191.62,328.68,252.37,255.33,53,False,False,AWP,Printstream,4
,USD,32.56,51.57,44.81,44.88,152,False,False,AWP,Printstream,1
,USD,3.11,29.02,4.65,4.34,62,False,False,AK-47,Searing Rage,0
,USD,15.99,58.03,21.14,17.08,15,False,False,M4A4,Hellish,0
,USD,76.77,139.21,101.12,96.32,19,False,False,AWP,LongDog,1
,USD,75.31,130.93,90.17,88.6,66,False,True,StatTrakâ„˘ AWP,Printstream,2
,USD,6.29,13.22,8.3,8.3,192,False,False,AK-47,Searing Rage,3
,USD,6.92,12.98,9.76,9.63,28,False,True,StatTrakâ„˘ AK-47,Searing Rage,1
,USD,28.38,44.56,34.47,32.49,42,False,False,AK-47,Searing Rage,4
,USD,3.23,5.51,4.27,4.29,66,False,False,AK-47,Searing Rage,1
,USD,4.06,23.21,6.16,5.69,44,False,True,StatTrakâ„˘ M4A4,Choppa,4
,USD,56.87,78.9,65.67,64.46,26,False,True,StatTrakâ„˘ AWP,Printstream,1
,USD,25.29,80.07,41.73,40.47,119,False,False,M4A4,Hellish,2
,USD,14.0,21.14,17.33,16.91,75,False,True,StatTrakâ„˘ AK-47,Searing Rage,3
,USD,0.03,0.05,0.05,0.05,5,False,False,M4A4,Aeolian Dark,0
,USD,114.23,200.73,156.89,159.95,53,False,True,StatTrakâ„˘ AWP,Printstream,3
,USD,4.64,6.44,5.48,5.48,6,False,False,AWP,Exothermic,1
,USD,7.09,13.93,10.74,10.89,76,False,True,StatTrakâ„˘ AK-47,Searing Rage,2
,USD,60.01,90.93,81.9,81.52,8,False,False,AWP,LongDog,0
,USD,34.82,58.19,48.0,49.76,18,False,True,StatTrakâ„˘ AK-47,Searing Rage,4
,USD,7.07,11.18,9.0,8.5,20,False,True,StatTrakâ„˘ AK-47,Searing Rage,0
,USD,847.95,1217.52,1017.48,985.76,6,False,False,AWP,LongDog,4
,USD,0.36,0.41000000000000003,0.38,0.38,2,False,False,AK-47,VariCamo Grey,1
,USD,402.42,555.37,493.4,515.33,7,False,True,StatTrakâ„˘ AWP,Printstream,4
,USD,220.52,333.3,274.9,262.1,5,False,False,M4A4,Hellish,4
,USD,0.5,0.68,0.5700000000000001,0.55,5,False,False,AWP,Arsenic Spill,0
,USD,46.43,69.79,58.81,57.38,7,False,True,StatTrakâ„˘ AWP,Queen's Gambit,0
,USD,5.8,10.5,8.55,8.58,117,False,False,AWP,Ice Coaled,2
,USD,106.78,139.73,121.76,124.48,13,False,True,StatTrakâ„˘ AK-47,The Oligarch,2
,USD,92.25,169.44,125.08,122.51,78,False,False,AK-47,The Oligarch,3
,USD,87.04,165.96,106.37,103.32,102,False,False,M4A4,Full Throttle,3
,USD,170.95,236.89,190.52,188.45,11,False,True,StatTrakâ„˘ M4A4,Full Throttle,3
,USD,3.84,5.57,4.9,4.99,23,False,False,AWP,Ice Coaled,0
,USD,51.53,130.92,70.09,67.61,99,False,False,AK-47,The Oligarch,2
,USD,262.74,363.69,299.13,292.26,7,False,False,AK-47,The Oligarch,4
,USD,31.34,50.47,37.8,37.48,68,False,False,M4A4,Full Throttle,1
,USD,185.76,406.22,268.81,270.73,12,False,True,StatTrakâ„˘ AK-47,The Oligarch,3
,USD,11.49,23.56,15.87,15.8,187,False,False,AWP,Ice Coaled,3
,USD,30.29,43.83,37.49,38.3,7,False,False,AK-47,The Oligarch,0
,USD,35.13,54.54,46.05,45.97,47,False,False,AK-47,The Oligarch,1
,USD,74.77,162.48,104.45,98.07,14,False,True,StatTrakâ„˘ M4A4,Full Throttle,2
,USD,22.98,34.82,29.09,29.27,36,False,False,M4A4,Full Throttle,0
,USD,29.02,49.62,36.11,34.82,31,False,True,StatTrakâ„˘ AWP,Ice Coaled,3
,USD,40.74,87.75,51.96,49.86,148,False,False,M4A4,Full Throttle,2
,USD,5.16,7.54,6.21,6.17,48,False,False,AWP,Ice Coaled,1
,USD,9.82,14.8,12.14,11.83,12,False,True,StatTrakâ„˘ AWP,Ice Coaled,1
,USD,16.25,23.21,18.66,18.52,13,False,True,StatTrakâ„˘ AWP,Ice Coaled,2
,USD,232.47,348.2,267.36,257.29,8,False,False,M4A4,Full Throttle,4
,USD,24.37,142.57,38.38,34.82,27,False,False,AWP,Ice Coaled,4
,USD,9.29,12.55,10.99,11.03,11,False,True,StatTrakâ„˘ AWP,Ice Coaled,0
,USD,61.13,83.44,71.31,69.91,9,False,True,StatTrakâ„˘ AWP,Ice Coaled,4
,USD,50.67,59.11,53.17,51.45,4,False,True,StatTrakâ„˘ M4A4,Full Throttle,0
,USD,539.7,724.33,641.18,650.34,4,False,True,StatTrakâ„˘ AK-47,The Oligarch,4
,USD,406.23,530.85,486.67,504.81,4,False,True,StatTrakâ„˘ M4A4,Full Throttle,4
,USD,40.62,70.21,56.96,58.52,4,True,False,Souvenir AWP,Crakow!,2
,USD,262.61,467.17,381.54,396.07,8,True,False,Souvenir AK-47,B the Monster,3
,USD,6.95,35.56,11.07,10.86,272,False,False,AWP,Exothermic,3
,USD,122.99,132.65,128.69,130.45,3,True,False,Souvenir M4A4,Hellish,3
,USD,0.07,0.34,0.1,0.09,40,False,False,M4A4,Aeolian Dark,3
,USD,3.71,16.66,6.4,6.41,284,False,False,AWP,Exothermic,2
,USD,2.58,14.59,4.67,4.43,111,False,False,AK-47,Breakthrough,2
,USD,14.98,26.69,19.6,19.45,17,False,False,AWP,The End,0
,USD,6.22,31.73,9.27,8.59,180,False,False,AK-47,Breakthrough,3
,USD,0.03,0.05,0.05,0.05,36,False,False,M4A4,Aeolian Dark,2
,USD,25.95,63.84,33.11,31.21,115,False,False,AWP,The End,3
,USD,0.34,13.57,0.86,0.56,135,False,False,M4A4,Aeolian Dark,4
,USD,2.32,2.52,2.43,2.41,2,False,False,AK-47,Breakthrough,0
,USD,3.48,5.44,4.61,4.64,13,False,False,AWP,Exothermic,0
,USD,15.53,35.16,22.51,20.9,144,False,False,AWP,The End,2
,USD,9.29,63.2,20.56,18.36,68,False,False,AK-47,Breakthrough,4
,USD,0.03,0.08,0.06,0.06,4,False,False,M4A4,Aeolian Dark,1
,USD,14.29,24.07,18.42,16.92,29,False,False,AWP,The End,1
,USD,14.62,53.38,21.79,20.57,97,False,False,AWP,Exothermic,4
,USD,16.16,92.85,25.92,23.26,260,False,False,AK-47,Aphrodite,2
,USD,36.06,303.0,60.5,48.77,157,False,False,AK-47,Aphrodite,3
,USD,12.43,42.68,18.38,17.76,108,False,False,AK-47,Aphrodite,0
,USD,11.93,116.8,17.89,16.64,222,False,False,AK-47,Aphrodite,1
,USD,472.38,696.39,546.62,543.18,9,False,False,AK-47,Aphrodite,4
,USD,64.42,127.67,107.2,112.25,13,False,False,AWP,The End,4
,USD,34.6,73.46,47.27,46.43,603,False,False,AK-47,Crane Flight,3
,USD,91.26,255.34,146.6,144.27,215,False,False,AWP,Queen's Gambit,3
,USD,11.55,29.02,18.95,17.93,265,False,False,AK-47,Crane Flight,1
,USD,40.05,68.26,56.76,57.82,79,False,False,AWP,Queen's Gambit,1
,USD,0.1,0.2,0.13,0.13,29,False,False,M4A4,Zubastick,2
,USD,10.1,35.82,13.25,12.43,122,False,False,AK-47,Crane Flight,0
,USD,18.57,50.02,28.23,26.46,633,False,False,AK-47,Crane Flight,2
,USD,0.29,0.58,0.48,0.48,5,False,True,StatTrakâ„˘ M4A4,Zubastick,1
,USD,30.1,54.35,36.96,36.25,33,False,True,StatTrakâ„˘ AK-47,Crane Flight,1
,USD,0.23,2.31,0.49,0.37,39,False,False,M4A4,Zubastick,3
,USD,77.52,156.79,103.56,104.46,81,False,True,StatTrakâ„˘ AK-47,Crane Flight,3
,USD,34.01,86.16,54.13,52.98,102,False,True,StatTrakâ„˘ AK-47,Crane Flight,2
,USD,1.17,7.71,2.01,1.81,49,False,False,M4A4,Zubastick,4
,USD,53.2,139.27,73.5,71.76,211,False,False,AWP,Queen's Gambit,2
,USD,0.2,0.5700000000000001,0.35000000000000003,0.28,5,False,True,StatTrakâ„˘ M4A4,Zubastick,0
,USD,37.42,100.25,47.28,46.12,42,False,False,AWP,Queen's Gambit,0
,USD,0.09,0.14,0.12,0.12,8,False,False,M4A4,Zubastick,1
,USD,186.23,323.84,245.35,242.9,14,False,True,StatTrakâ„˘ AK-47,Crane Flight,4
,USD,87.05,227.24,106.95,99.69,79,False,False,AK-47,Crane Flight,4
,USD,0.93,2.4,1.45,1.44,26,False,True,StatTrakâ„˘ M4A4,Zubastick,3
,USD,175.23,267.98,204.99,196.94,43,False,True,StatTrakâ„˘ AWP,Queen's Gambit,3
,USD,0.32,1.57,0.79,0.79,19,False,True,StatTrakâ„˘ M4A4,Zubastick,2
,USD,302.78,754.36,381.05,365.6,25,False,False,AWP,Queen's Gambit,4
,USD,56.87,165.24,103.38,102.2,26,False,True,StatTrakâ„˘ AWP,Queen's Gambit,2
,USD,2.6,12.07,5.5,4.74,22,False,True,StatTrakâ„˘ M4A4,Zubastick,4
,USD,59.51,81.87,69.82,71.84,13,False,True,StatTrakâ„˘ AWP,Queen's Gambit,1
,USD,24.34,35.59,29.58,29.2,16,False,True,StatTrakâ„˘ AK-47,Crane Flight,0
,USD,0.35000000000000003,0.35000000000000003,0.35000000000000003,0.35000000000000003,2,True,False,,,
,USD,43.0,46.0,44.5,44.5,2,True,False,Souvenir AWP,Crakow!,1
,USD,512.83,678.52,575.09,554.07,5,False,True,StatTrakâ„˘ AWP,Queen's Gambit,4
